-- phpMyAdmin SQL Dump
-- version 5.2.1
-- https://www.phpmyadmin.net/
--
-- Host: 127.0.0.1
-- Creato il: Mag 28, 2023 alle 12:23
-- Versione del server: 10.4.28-MariaDB
-- Versione PHP: 8.2.4

SET SQL_MODE = "NO_AUTO_VALUE_ON_ZERO";
START TRANSACTION;
SET time_zone = "+00:00";


/*!40101 SET @OLD_CHARACTER_SET_CLIENT=@@CHARACTER_SET_CLIENT */;
/*!40101 SET @OLD_CHARACTER_SET_RESULTS=@@CHARACTER_SET_RESULTS */;
/*!40101 SET @OLD_COLLATION_CONNECTION=@@COLLATION_CONNECTION */;
/*!40101 SET NAMES utf8mb4 */;

--
-- Database: `registro`
--

-- --------------------------------------------------------

--
-- Struttura della tabella `argomenti`
--

CREATE TABLE `argomenti` (
  `id` int(11) NOT NULL,
  `classe` varchar(6) NOT NULL,
  `data` date NOT NULL,
  `materia` int(11) NOT NULL,
  `argomento` varchar(255) NOT NULL
) ENGINE=InnoDB DEFAULT CHARSET=utf8mb4 COLLATE=utf8mb4_general_ci;

--
-- Dump dei dati per la tabella `argomenti`
--

INSERT INTO `argomenti` (`id`, `classe`, `data`, `materia`, `argomento`) VALUES
(1, '1B INF', '2023-03-06', 12, 'Le leve'),
(2, '1B INF', '2023-03-06', 3, 'listening exercise page 70; personality vocabulary page 72'),
(3, '1B INF', '2023-03-06', 1, 'Consegna e correzione verifica. Il genere comico: parodia e satira. Lettura di \"Calandrino lapidato\" di Boccaccio.'),
(4, '1B INF', '2023-03-07', 5, 'Giochi matematici'),
(5, '1B INF', '2023-03-07', 2, 'L età classica. La Lega di Delo; la politica di Pericle. '),
(6, '1B INF', '2023-03-07', 1, 'Esercizi sui verbi. '),
(7, '1B INF', '2023-03-07', 14, 'Tavola 8 - Proiezione ortogonale di composizione di solidi'),
(8, '1B INF', '2023-03-08', 11, 'Verifica Excel/Calc.'),
(9, '1B INF', '2023-03-08', 4, 'Unità 3 : POLINOMI Operazioni (+,-,×,:,^) PRODOTTI NOTEVOLI Espressioni con polinomi Problemi risolvibili con polinomi'),
(10, '1B INF', '2023-03-08', 3, 'simple past: irregular verbs page 74; reading page 73'),
(11, '1B INF', '2023-03-09', 4, 'Unità 3 : POLINOMI Operazioni (+,-,×,:,^) PRODOTTI NOTEVOLI Espressioni con polinomi Problemi risolvibili con polinomi'),
(12, '1B INF', '2023-03-09', 12, 'Esp 14: le leve'),
(13, '1B INF', '2023-03-09', 1, 'Interrogazione per recupero insufficienza del primo quadrimestre. '),
(14, '1B INF', '2023-03-09', 13, 'verifica scritta di chimica teorica..'),
(15, '1B INF', '2023-03-10', 4, 'Espressioni con polinomi Problemi risolvibili con polinomi'),
(17, '1B INF', '2023-03-10', 1, 'Interrogazione per il recupero dell\'insufficienza del primo quadrimestre. '),
(18, '1B INF', '2023-03-10', 2, 'La prima fase della guerra del Peloponneso. '),
(19, '1B INF', '2023-03-10', 12, 'Le carrucole. Il baricentro e l’equilibrio '),
(20, '1B INF', '2023-03-10', 3, 'simple past of can and must page 77; adjectives to describe experiences page 76'),
(21, '1B INF', '2023-03-13', 13, 'Esperienza La legge di Proust'),
(22, '1B INF', '2023-03-13', 3, 'Page 79: translation of \"sembrare\"; either...or / neither...nor'),
(23, '1B INF', '2023-03-13', 12, 'Introduzione alla cinematica'),
(24, '1B INF', '2023-03-13', 1, 'La narrativa sociale. '),
(25, '1B INF', '2023-03-14', 1, 'Corso \"Sicurezza stradale\". Interrogazione'),
(26, '1B INF', '2023-03-14', 2, 'Corso \"Sicurezza stradale\" '),
(27, '1B INF', '2023-03-15', 3, 'review units 5-6 page 82-83 as formative assessment'),
(28, '1B INF', '2023-03-15', 4, 'Espressioni con polinomi Problemi risolvibili con polinomi'),
(29, '1B INF', '2023-03-16', 1, 'La narrativa di introspezione; \"Anne si presenta\" dal \"Diario\" di Anne Frank. '),
(31, '1B INF', '2023-03-16', 13, 'Schemi a blocchi utili alla nomenclatura dei composti chimici - Nomenclatura IUPAC dei sali binari - Nomenclatura IUPAC degli Idruri metallici.'),
(32, '1B INF', '2023-03-16', 4, 'Espressioni con polinomi Problemi risolvibili con polinomi'),
(33, '1B INF', '2023-03-17', 1, 'La narrativa di formazione. \"Una rondine nel Tevere\" da \"Ragazzi di vita\" di Pier Paolo Pasolini.'),
(34, '1B INF', '2023-03-17', 2, 'La guerra del Peloponneso; l\'egemonia di Sparta; l\'egemonia tebana. '),
(35, '1B INF', '2023-03-17', 12, 'Grafici spazio-tempo e velocità-tempo'),
(36, '1B INF', '2023-03-17', 3, 'Correzione formative test page 82-83 (peer assessment)'),
(37, '1B INF', '2023-03-20', 13, 'Interrogazioni. Esperienza indicatori di acidità'),
(38, '1B INF', '2023-03-20', 3, 'revision exercises un.5 WB page 209-210-211-212'),
(39, '1B INF', '2023-03-20', 12, 'Moto rettilineo uniforme'),
(40, '1B INF', '2023-03-20', 1, 'Interrogazione'),
(41, '1B INF', '2023-03-21', 5, 'Valutazione percorso di ginnastica artistica.'),
(42, '1B INF', '2023-03-21', 1, 'Indicazioni teoriche per la stesura di un riassunto.'),
(43, '1B INF', '2023-03-21', 2, 'Introduzione ai Macedoni; Filippo II.'),
(45, '1B INF', '2023-03-23', 1, 'Interrogazione: '),
(46, '1B INF', '2023-03-23', 12, 'La guidovia a cuscino d’aria'),
(47, '1B INF', '2023-03-23', 13, 'Consegna della quarta verifica scritta e risposte ai dubbi della classe.'),
(48, '1B INF', '2023-03-24', 12, 'Verifica'),
(49, '1B INF', '2023-03-24', 3, 'revision exercises un.6 WB page 217-218-219'),
(50, '1B INF', '2023-03-24', 2, 'Alessandro Magno: conquista e organizzazione dell\'impero; l\'età dei diadochi; i regni ellenistici.'),
(51, '4B INF', '2023-03-06', 2, 'India, Cina e Giappone nella seconda metà dell\'Ottocento. '),
(52, '4B INF', '2023-03-06', 1, '\"Inno alla notte\" di Novalis. '),
(53, '4B INF', '2023-03-06', 4, 'Esercizi su classificazione dei punti di discontinuità ,validità delle ipotesi del Teorema di Esistenza degli zeri'),
(54, '4B INF', '2023-03-06', 24, 'Onda stazionaria: concetto, definizione di ventri e di nodi, ROS. Cablaggio strutturato. Canale analogico: sistema di trasmissione, canale ideale, distorsione lineare e non lineare, rumore e rapporto segnale-rumore (S/N), diafonia (paradiafonia e telediaf'),
(55, '4B INF', '2023-03-07', 3, 'Grammar: hw correction + CONSEGNA COMPITO IN CLASSE'),
(56, '4B INF', '2023-03-07', 23, 'Ajax Verifica per assenti e insufficienti. Avanzamento progetti Alpha Vantage. Installazione di xampp'),
(57, '4B INF', '2023-03-07', 4, 'Eserici su continuità , discontinuità e teorema di esistenza degli zeri . Vedere file 07.03 su classroom'),
(58, '4B INF', '2023-03-07', 1, 'La lirica patriottica e dialettale in Italia; \"Er giorno der \" di Giuseppe Gioachino Belli. La narrativa romantica: il romanzo gotico'),
(59, '4B INF', '2023-03-08', 4, 'simulazione di verifica su fuzioni continue e punti di discontinuità. Vedere file 08.03 su classroom'),
(60, '4B INF', '2023-03-08', 3, 'Frankenstein: oral test part 6'),
(61, '4B INF', '2023-03-08', 24, 'Rappresentazione di un sistema tramite schema a blocchi. Concetto di sistema ad anello aperto e ad anello chiuso.'),
(62, '4B INF', '2023-03-08', 21, 'Introduzione ad OpenXML'),
(63, '4B INF', '2023-03-09', 3, 'HW correction (about unit 5) + vocabulary unit 6 and class discussion	'),
(64, '4B INF', '2023-03-09', 23, 'OpenXML: Applicazione bold, underline, ecc'),
(65, '4B INF', '2023-03-09', 2, 'Interrogazioni'),
(66, '4B INF', '2023-03-09', 22, 'Packet Tracer: ping tra 2 host. Simulazione del protocollo ARP e di echo request e reply del protocollo ICMP '),
(67, '4B INF', '2023-03-10', 23, 'php Introduzione ai web server e alla costruzione delle pagine dinamiche. Utilizzo di xampp. Sintassi base di php. Dichiarazione ed utilizzo delle variabili. Funzioni. Vettori enumetativi e associativi. Esercizio 01'),
(68, '4B INF', '2023-03-10', 4, 'verifica orale: punti di discontinuità, definizioni e teoremi sulla funzioni continue, limiti notevoli'),
(69, '4B INF', '2023-03-10', 5, 'Salto in alto'),
(70, '4B INF', '2023-03-13', 3, 'Oral test part 8'),
(71, '4B INF', '2023-03-13', 4, 'La derivata della funzione in un punto: definizioni e significati geometrici. '),
(72, '4B INF', '2023-03-13', 22, 'Dettaglio del protocollo ARP. Indirizzi IP e concetto di subnet mask. Messa in AND per ricavare indirizzo di rete. Caratteristiche delle classi degli indirizzi IP'),
(73, '4B INF', '2023-03-15', 3, 'Oral test part 8 '),
(74, '4B INF', '2023-03-15', 24, 'Sistema ad anello aperto e ad anello chiuso. Amplificatori a retroazione negativa: effetti della retroazione sul guadagno, effetti della retroazione sui disturbi. Amplificatori operazionali: caratteristiche e funzionamento, configurazione invertente e non'),
(75, '4B INF', '2023-03-15', 4, 'Verifica di recupero per Pelisseri. Calcolo di derivate in un punto applicando la definizione di derivata., Vedere file 15.03 su classroom '),
(76, '4B INF', '2023-03-15', 21, 'Continuazione teoria UML:Class diagram Continuazione OpenXML: creazione nuovo stile'),
(77, '4B INF', '2023-03-16', 24, 'Amplificatore operazionale: spiegazione e dimostrazione funzionamento configurazione invertente e non invertente.'),
(78, '4B INF', '2023-03-16', 2, 'Interrogazioni'),
(79, '4B INF', '2023-03-16', 22, 'Packet Tracer: introduzione alla configurazione dei router. Fase di POST e bootstrap del sistema. Modalità di configurazione user e config. Principali comandi e modalità di input'),
(80, '4B INF', '2023-03-17', 4, 'Calcolo delle derivate calcolate in un punto e in x tramite la definizione . Vedere file 17.03 su classroom'),
(81, '4B INF', '2023-03-17', 21, 'UML Es Class diagram'),
(82, '4B INF', '2023-03-17', 23, 'php Concetto di web form e pulsante di submit. Richieste HTTP GET e HTTP POST. Passaggio dei parametri al server. Esercizio 02'),
(83, '4B INF', '2023-03-20', 4, 'Derivata di una funzione in un punto generico. Prime regole di derivazione. vedere file 20.03 su classroom'),
(84, '4B INF', '2023-03-20', 22, 'Indirizzi IP classfull con calcolo del numero di reti per classe e host per rete. Indirizzi IP speciali: \"quato host\", loopback, broadcast limitato. Indirizzi link-local (APIPA). Definizione di indirizzo IP classless. Definizione di dominio di broadcast'),
(85, '4B INF', '2023-03-20', 1, 'Charles Dickens e il romanzo sociale; presentazione e trama di \"Ivanhoe\" di Walter Scott.'),
(86, '4B INF', '2023-03-20', 2, 'Interrogazioni'),
(87, '4B INF', '2023-03-21', 23, 'php Esecuzione del submit tramite procedure javascript e jQuery. Considerazioni sulle applicazione orientate alle pagine e applicazioni orientate ai servizi. Introduzione a mySQL e al linguaggio SQL. Il tipo JSON in PHP (longtext). Serializzazione e Parsi'),
(88, '4B INF', '2023-03-21', 21, 'Es Class Diagram'),
(89, '4B INF', '2023-03-21', 1, '\"La commedia umana\" di Honoré de Balzac; \"Papà Goriot\": trama e analisi del brano \"La pensione Vauquer\". '),
(90, '4B INF', '2023-03-21', 5, 'Esercizi di matematica segnati dalla prof'),
(91, '4B INF', '2023-03-22', 24, 'Ripasso configurazioni OP-AMP. Incontro in aula magna.'),
(92, '4B INF', '2023-03-22', 4, 'derivate con definizione. Dimostrazione della derivata di y = lnx, y= e^x, e della derivata di una somma., Vedere file 22.03 su classroom'),
(93, '4B INF', '2023-03-22', 22, 'Concetto di subnetting. Borrowing dei bit. Esempio di piano di indirizzamento con subnetting'),
(94, '4B INF', '2023-03-22', 21, 'Convegno aula Magna Interrogazioni'),
(95, '4B INF', '2023-03-23', 24, 'Configurazione voltage follower op-amp. Esercizi su op-amp(piccole variazioni configurazioni base e collegamento di operazionali in cascata).'),
(96, '4B INF', '2023-03-23', 5, 'Valutazione salto in alto'),
(97, '4B INF', '2023-03-23', 22, 'Packet Tracer: impostazione del nome del router e della password. Configurazione degli indirizzi IP delle interfacce del router. Esame della routing table. Definizione di VLAN. Concetto d interfaccia in modalità access e trunk'),
(98, '4B INF', '2023-03-24', 23, 'php. Esercizio 03 \"Registrazione Utenti\". Caricamento dinamico dei due listbox. Connessione tra PHP e MySQL. L\'oggetto mysqli con realtive proprietà e metodi. Costruzione di una libreria di interfacciamento tra PHP e mySQL '),
(99, '4B INF', '2023-03-24', 4, 'Derivata della somma di funzioni e di costante per funzione.(con dimostrazione) : esercizi. Vedere fiel 24.03 su classroom. Derivata di un prodotto'),
(100, '4B INF', '2023-03-24', 21, 'Teoria dei casi d\'uso e dei diagrammi di sequenza'),
(101, '4B INF', '2023-03-24', 1, 'Il romanzo storico e l\'autobiografia in Italia; \"Le confessioni di un italiano\" di Ippolito Nievo: trama, caratteristiche del romanzo, analisi del proemio.'),
(102, '1A INF', '2023-03-06', 5, 'Test di Cooper'),
(103, '1A INF', '2023-03-06', 1, 'Interrogazioni'),
(104, '2C INF', '2023-03-06', 1, 'Interrogazioni'),
(106, '1A INF', '2023-03-06', 3, 'Listening'),
(107, '5D INF', '2023-03-06', 21, 'C#'),
(108, '5E INF', '2023-03-06', 21, 'Car Shop'),
(109, '4B INF', '2023-05-26', 2, 'Interrogazione storia'),
(110, '1D INF', '2023-03-08', 4, 'Verifica su funzioni'),
(112, '3A INF', '2023-03-10', 4, 'Verifica'),
(113, '1A INF', '2023-03-07', 1, 'Ugo Foscolo'),
(114, '1A INF', '2023-03-12', 1, 'Giacomo Leopardi'),
(115, '2C INF', '2023-03-07', 1, 'Promessi sposi'),
(116, '2C INF', '2023-03-11', 1, 'Interrogazioni sui Promessi sposi'),
(117, '2C INF', '2023-03-07', 6, 'Sostituzione'),
(118, '1A INF', '2023-03-09', 1, 'Spiegazione \"I sepolcri\"'),
(119, '1A INF', '2023-03-12', 12, 'I vettori'),
(120, '1A INF', '2023-03-15', 14, 'Tavola 5'),
(121, '1A INF', '2023-03-13', 5, 'Baseball'),
(122, '1A INF', '2023-03-07', 13, 'CO2'),
(123, '1A INF', '2023-03-17', 3, 'Writing'),
(124, '4B INF', '2023-04-12', 2, 'Carlo Magno'),
(125, '4B INF', '2023-05-26', 2, 'Interrogazione unità 2 e 3'),
(126, '1A INF', '2023-03-15', 5, '1000m'),
(127, '1C INF', '2023-03-06', 2, 'Spiegazione unità 4'),
(128, '1C INF', '2023-03-17', 2, 'Interrogazione Carlo Magno'),
(129, '1C INF', '2023-03-24', 2, 'Spiegazione unità 5'),
(130, '1C INF', '2023-03-24', 3, 'Listening'),
(131, '1C INF', '2023-03-31', 3, 'Oral test'),
(132, '1C INF', '2023-05-26', 3, 'Verifica unità 7-8'),
(133, '1B INF', '2023-06-09', 1, 'Interrogazione finale'),
(134, '5E INF', '2023-03-30', 23, 'Verifica Geolocation'),
(135, '5E INF', '2023-03-30', 22, 'Sostituzione: lavoro individuale'),
(136, '1C INF', '2023-03-07', 1, 'Verifica'),
(137, '1C INF', '2023-03-10', 1, 'DAD');

-- --------------------------------------------------------

--
-- Struttura della tabella `assenze`
--

CREATE TABLE `assenze` (
  `id` int(11) NOT NULL,
  `matricola` int(11) NOT NULL,
  `data` date NOT NULL DEFAULT current_timestamp(),
  `motivazione` varchar(255) DEFAULT NULL,
  `firma` blob DEFAULT NULL
) ENGINE=InnoDB DEFAULT CHARSET=utf8mb4 COLLATE=utf8mb4_general_ci;

--
-- Dump dei dati per la tabella `assenze`
--

INSERT INTO `assenze` (`id`, `matricola`, `data`, `motivazione`, `firma`) VALUES
(1, 1001, '2023-02-11', 'Salute', NULL),
(2, 1001, '2023-02-12', 'Famiglia', NULL),
(3, 1001, '2023-02-13', 'Salute', NULL),
(4, 1002, '2023-02-07', 'Salute', NULL),
(5, 1002, '2023-02-18', 'Famiglia', NULL),
(6, 1002, '2023-02-26', 'Altro', NULL),
(7, 1003, '2023-02-05', 'Salute', NULL),
(8, 1003, '2023-02-15', 'Salute', NULL),
(9, 1003, '2023-02-25', 'Salute', NULL),
(10, 1003, '2023-02-26', 'Salute', NULL),
(11, 1004, '2023-02-01', 'Salute', NULL),
(12, 1004, '2023-02-14', 'Salute', NULL),
(13, 1005, '2023-02-11', 'Salute', NULL),
(14, 1005, '2023-02-12', 'Salute', NULL),
(15, 1001, '2023-03-10', 'Altro', NULL),
(16, 1001, '2023-03-16', 'Salute', NULL),
(17, 1001, '2023-03-29', 'Famiglia', NULL),
(18, 1002, '2023-03-17', 'Famiglia', NULL),
(19, 1002, '2023-03-18', 'Salute', NULL),
(20, 1002, '2023-03-19', 'Salute', NULL),
(21, 1002, '2023-03-20', 'Salute', NULL),
(22, 1003, '2023-03-24', 'Salute', NULL),
(23, 1004, '2023-03-06', 'Salute', NULL),
(24, 1004, '2023-03-20', 'Salute', NULL),
(25, 1005, '2023-03-10', 'Salute', NULL),
(26, 1005, '2023-03-27', 'Salute', NULL),
(27, 1005, '2023-03-28', 'Salute', NULL),
(28, 1001, '2023-04-20', 'Salute', NULL),
(29, 1001, '2023-04-21', 'Salute', NULL),
(30, 1001, '2023-04-23', 'Salute', NULL),
(31, 1001, '2023-04-24', 'Salute', NULL),
(33, 1002, '2023-04-06', 'Salute', NULL),
(34, 1002, '2023-04-10', 'Salute', NULL),
(35, 1002, '2023-04-19', 'Salute', NULL),
(36, 1003, '2023-04-27', 'Salute', NULL),
(37, 1003, '2023-04-28', 'Salute', NULL),
(38, 1003, '2023-04-29', 'Salute', NULL),
(39, 1004, '2023-04-06', 'Salute', NULL),
(40, 1004, '2023-04-07', 'Salute', NULL),
(41, 1005, '2023-04-09', 'Salute', NULL),
(42, 1005, '2023-04-25', 'Salute', NULL),
(45, 1004, '2023-05-26', NULL, NULL),
(46, 1007, '2023-05-28', NULL, NULL),
(47, 1012, '2023-05-28', NULL, NULL),
(48, 1016, '2023-05-28', NULL, NULL),
(49, 1015, '2023-05-28', NULL, NULL);
INSERT INTO `assenze` (`id`, `matricola`, `data`, `motivazione`, `firma`) VALUES
(50, 1022, '2023-05-28', 'Salute', 0x646174613a696d6167652f706e673b6261736536342c6956424f5277304b47676f414141414e5355684555674141417277414141457343415941414141684e4743644141414141584e535230494172733463365141414941424a52454655654637746e56304d646b6478337966597874677869534568785447696f4a724736555544536a4533706f534c7143436c776b69397152544a74717145524667693463594943594746684841757343755244374171344c34716f4559467845574b38413157434f6c564c494545516141344973554f494f4959544b75425a2f46356a3839357a76786e5a2f664d6e75642f7046642b587a3937646e642b4d3773374f32632f666b62346b41414a6b41414a6b41414a6b41414a6b4d434243667a4d6757576a61435241416952414169524141695241416951676448687042435241416952414169524141695241416f636d51496633304f716c63435241416952414169524141695241416e523461514d6b5141496b5141496b5141496b51414b484a6b4348393944717058416b5141496b5141496b5141496b51414a3065476b444a4541434a4541434a4541434a45414368795a41682f6651367156774a4541434a4541434a4541434a4541436448687041795241416952414169524141695241416f636d51496633304f716c63435241416952414169524141695241416e523461514d6b5141496b5141496b5141496b51414b484a6b4348393944717058416b5141496b5141496b5141496b51414a3065476b444a4541434a4541434a4541434a45414368795a41682f6651367156774a4541434a4541434a4541434a4541436448687041795241416952414169524141695241416f636d51496633304f716c63435241416952414169524141695241416e523461514d6b5141496b5141496b5141496b51414b484a6b4348393944717058416b5141496b5141496b5141496b51414a3065476b444a4541434a4541434a4541434a45414368795a41682f6651367156774a4541434a4541434a4541434a4541436448687041795241416952414169524141695241416f636d51496633304f716c63435241416952414169524141695241416e523461514d6b5141496b5141496b5141496b51414b484a6b4348393944717058416b5141496b5141496b5141496b51414a3065476b444a4541434a4541434a4541434a45414368795a41682f6651367156774a4541434a4541434a4541434a4541436448687041795241416952414169524141695241416f636d51496633304f716c63435241416952414169524141695241416e523461514d6b5141496b5141496b5141496b51414b484a6b4348393944717058416b5141496b5141496b5141496b51414a3065476b444a4541434a4541434a4541434a45414368795a41682f6651367156774a4541434a4541434a4541434a4541436448687041795241416952414169524141695241416f636d51496633304f716c63435241416952414169524141695241416e523461514d6b5141496b5141496b5141496b51414b484a6b4348393944717058416b5141496b5141496b304a544148346a496d30346c66464a45486d7861476a4d6e415363424f72784f6348794e424569414245694142433659674471363778615247786359304c6534594d50494b6a714e4d71746d57433853494145534941455379456c416e6430484e7170472f794b6e37693632566a5449693155394253634245694142456941424634487669386831686a6670597867674d556b66416a54475070785a43676d5141416d5141416b636863442f4d77704348384d4969736e6145364178746d664d456b69414245694142456a674b41512b4c694a334749583533794c79656d4e614a694f427067546f384462467938784a6741524967415249344641456e6861523578676c656b4a45586d424d7932516b304a51414864366d654a6b35435a4141435a41414352794b6748553567777239485248352b554e4a543247474a55434864316a567365496b5141496b5141496b304a5541737078424b2f5a4e45586c4a317871794d424a59495543486c365a424169524141695241416952674966414445626e616b76435535713946354656416569596c67575945365041325138754d5359414553494145534f41774243786e3738364670634e37475057504c7767643376463153416c4967415249674152496f44554236396d37303372513457327446655a764a6b43483134794b43556d414245694142456a6759676b676d39554b70492b4b794e30585334794370794a41687a65564f6c675a4569414245694142456b6848414e3273566754674f627a7056486d3546614c4465376d36702b516b5141496b5141496b594348776c49686359306b3453384d6c4451356f664b554e4154713862626779567849674152496741524934416748505a7255694e78336549316a4151575367773373515256494d4569414245694142456d684134456b527564615a4c3966774f7348787458674364486a6a6d544a484569414245694142456a674b4163396d74534c376530546b76714f416f42786a453644444f37622b574873534941455349414553614557675a6a6d44316f6d62316c707068766e43424f6a7777736a3441676d5141416d5141416c6342494750694d6864465a4a7953554d46504c34615334414f62797850356b59434a4541434a454143527948774a5246355a595577644867723450485657414a3065474e354d6a635349414553494145534f4171424c3476494c5258432f4b474950466a78506c386c6754414364486a445544496a4569414245694142456a6755675a6f4e61777143507361687a4746735957694d2b66543347794a79703469385445532b6476724458613735394d51616b51414a6b4d435243587851524e3561496141655a335a64786674386c51524343644468446356354e725069794f70367142744535487369387352704636733674373870496938576b61764f35454a3939644d58537949424569434253795a51632f367563767530694c7a786b674653396c7745364544463657504e6f6231655248353977354646616b4764496253596c6752496741524977454f67646a6b446a79547a554f63377a516a5165634c51716c503775744e7967784b70315278654b694c5078624a797032596e346b624846306d4142456941424177455069346964786a536e5576436134557241664c3157414a30654b2f6b4f56302f7135485a587a71746f6456552b6c75576833727271776e562f6230696375747047597275504e614a42783853494145534f434b42327569754d75475368694e617873417930584836695350376e30546b76346a49387762524a613972374b4d6f7657586f6657633258724439394e45445379454245756848514d66457677676f6a6b65534255426b466e45454c6d33415667666d545364384e3159657142326e4254776e4f7277344d2f514e3677376c533274444b45656d4a774553474976413530586b396f41717332384d674d677334676863696b4771382f49374864665a786d6c6f4f61665838354e365538546f2f664758306f3661516d666d4a45414375784e412b373631436a386c497466754c67307251414954416b6366714e58522f623341457849794741383372625858416e6f637a394862555876694c4945455343414467636446524c392b316a3566455a46583147624339306b676b73415242327064662f5441774d73567476544c364f34576f6272667652474f4937616c4f704a386d775249594351435557743356575a755742744a3878645331364d4e3070454e4e70734a6147525862317a6a365142744e594e47643074746a746157326c4a6d3769524141746b49524a7a4d5547546968725673326d5639446e6650746534737a585238574b324a3654716f6830546b6e74714d2b4c364a514d335a6b7838566b62744e70544152435a414143655169345032797453594641774335394d766169427a4b3452307475767530694878525250375879556d66727076534137732f786d6875317a5a61322b487a6b505775366d4a684a454143675151696f3776637342616f47475956522b4249733742336934676531355868555766324d524835374f6c5774712b644c72425170317a2f546d63326735617572494e334b55504a685135765070327952695241417473456f6f4e46334c43327a5a77706469427742496533585065722f2b32786e4b47736f58325a695078515242366d4d377544356359576154317a39317970584e49517178506d5267496b3049644137646574655330352b652b6a4e35594345686a5a34573139476f4d367333392f69744a7156505a7a584749415774633479583867496c64585670664878565543354f736b51414b374550694f6944772f7347524f2f674e684d71733441714d36764e457a30766e4a423538556b51666a4d444f6e35415169317138787170466379617765435a4441737768456a3656614143662f4e4c535542455a30654b4d61714562315073775445464c615a63394b315a7a4d4d4b306e48643665576d4e5a4a4541434551532b4b7949335247513079594e6e384159445a58597842455a30654773624b423364474e7335536934523056316c7763393452374549796b45436c30456759752f4345696d657758735a396a4f636c4b4d3576476730547030513356796d52333778714b2f687a4c4e3568534e334a2b734a49586f78434238534941455379453467366b76706b70796a2b52585a646358364252455979544139733146657778746b4b41664e427031416e635041645773484e524b4b52514948493944533265555a7641637a6c694f4a4d347244363232676f3868334a4a7361535a614930786d4b76467a444f354c6d5756635375467743746373437a35486a47627958613166704a522f464966513055456263307076663768574d57722b7267744468335632647241414a6b4d414741632b5855675171397a4967744a69324b344552484637764f6b73755a2b687153734d563967305275546d77316e5234413245794b78496767535945496966355378576b77397445626377306773414944753948524f5175554e6848524f51313444744d666a6b457645746b7a68476977337335396b4e4a535742454170376f37744d69636855674c45396f4147417861563843497a69386e686b706f377439375769303068342f6e647752575739474e694a704d6938534949466f4170367856494e48747745564763476e414d526830694d52794736636e75554d3377752b4a7646492b7159734970346f683455626a79577a55474961456943425051683478394c2f446e78682f614749584c4f48634163725533583153684835745a4e632b76636e546a665936662f536f3162317a39644f36665333386e663976667937704a6e2b562f633254642f587632754138434b65374136765a7a6b4450366c63684f6d36684779786c4b4655684a736b585372685379524141683049664635456267664c3062483054534b6944706a6c34564a434336566e7031472b6435373063347376693543333949613846353863356b4d3677646b64587551546a4a372f64362b4950426969656d5a79524149746c6a4955546c7a446530534c6f55776b4d443442394b75576a7274765034326c534e434a6b33374d566a514138393447567a746a74546966577363316a526a7270557171333647667a4134762b676d47363361484e73586d6c5566745353756b6e2b69754e74614d6133694e6f4a694d424569674777485056363150694d6962547a583843794443797a3751706c5964693954525253507574747a62706c4b6e56356450334e32326d4461355a335a3450795569627a434b72517034755445746b31306d4153525355516768477a59593362684d75364c554a4a435a7750644635447177676c4f2f414f6b3332516375673836795a4145306738336b6d6633487863706e727644666e6461546246492f7a546a6f38467049585736614c3530572b434d4574414f33726c396a64414d687937516b514149744358672f6c2f2b546946772f71526a5362334a5a313555613161556b76794d697a32327036415235442f4e315062504469367a663163585762307967654659684c34457669776979495542502b3042324b444f366b56663372426b4a5a4353777442746636316c32354f734f2b724a4466327448767159727a773167587a646c4d392f307a53554e754f586f5a4f5039496e49742f757251622b6931306e71686b7a3470312f786d64586a52395a62447a4443474e7565784b34394d6f46525337666831352b783049446c4867424865736532447453654248675230624c7366504e7532523732306a4b556a50626d6b7755356648643233566b77323743574e6b7a4b566a356d714d684d64496f314d543265597a36533055336e644b622f504857463334546a326e624b6d364d614e736d6b442b5a7a484347394b31624e534a4a434367505a4237334f73702b315a2b61556a50526e6833646141642f6e4964733748534a486d4333785768316644346a636264663259694e78305371754f37727458316c316d6c64556f4a704e56454541363752394d316c776855574647654373557846644a344d414530475042396b447878794a797a304c425350447045696639492b6832443374614b6e4e3348327a334371786f416e4530796d48586c6d55515765584e597042487251657941624a73764c4459303551586c39556331586f6f46776e3443597a6745453250495a744c696e7a6c7572524a2f3864463541362f61567a6b6d377665534a7252415551646a66495a78746f774d3870386b5a626653576976505347526a53655466367273684a72466b41414a5441696753366e32674c6530626e6461442b5472324b564565487374596442785262393271343430454b4d62462f58524d55332f72707361627a7a39567636757632766170577546395233396f2b397233745a6a58365074636a656e4e36507a6833595352515a725644696a7a4e45477866796549594136764d552b72424d6f4c576d36724962735359414553414164782f5969747261556f6451486358677649634c6257713936326447665479372b3647455871754e79436f68316b335a74765862787733597064494d5563754845303665627342436e5a72665a526132463848305841635365706f34723476436d575a547649735358534941456f67694d756c4e2f7a526441484e366a6a3633715a3377577548305473536e6466502f51796a70714a4a2b6f744b70336a52377230386f4a3775352f64692f516f41316b77396f335265516c496f4a38667236557a7934473142655242466d2f4f3732786a7a5a3145655a4249556b676849413675727068756a674a495a6c327a6d544a5962562b4f645771486e6b6641784a557336704e4133622f73334d303131713365547245447041797574704d526f645864386c66625352575071456730546a65426d4f456535426b53454f64526d7152794d596c664d6f3769446c51444249494a3944364d3364346863396b4f485636555363766f7a38527851345a4437624b314e767333696b694432346c54506737346d7368316539694f31304b51615157456352423854693852352b4a677267506e527a74734b657a54555a344432306146493445776768382f324362566f7654692f5366522f3579696e42594d7970646d2f7458496e4c7651653446694741795a39586348323165414e696c6f44506c636b4944656d3173715659322b554663544c3542414846613578655949444e36526e6870696952776d5151696a6831545a306958552b6c756648334b6a6e78314b7561373850573333784b525832794d5738644758614b687a712f6c4f624c446933435973394c72646e566a34496a52584976654e55315a37787578317265705439593063797574535472557345723976336f3668734e52354938376d7273504d75767979482f6b643544504c2f4f54466842625050706d6a5350624347556a41532b424347643336355345656430697972544b713837614c636245644869664451725672524631366d526f3048497554464d3779756277496a767164565a387a596b57456f30375a79304b2b7a343676366b62464649355a41506b2f4b51464a447263744a4569416a4e744d774c616b622f706c50736e447836786151627851426e584475794b59756b7133334f494973707370594c70687439575a6579564c2f72355870646c767632432b77686b576571535470763570633079646c6f6d45716b744a7a526f556168425771716e73317664504b634e6d5536776856692b4e456a446d79394c514b4c443341695a542f64524e5471332b7a35622f786b6c4d2f4d3554794169796f6f367531716a3734724944556d56632f536a475a4778784b50627047703156777668316333707a645a684935486175594e534339696932584a544352316743363139303643546f486b6e46653377616e31306a644e2f454a45586e3941384d546e77652f35336a5272726f7a666d3648766c642f32332f6a62392f35714f4e686c76623561495772592b4e4a34436379774531423765463742427a664f707538624a3172377467635a713748713856474e5a31724c66386a47306a395a2b2b4d6a726461336f306646336e6d2b546672564a706c5969432b6c71313031754757524631525a667a63597657723652383050764f5a2f72736d62794e6556574d3142352b4264486d513677683936563731683333374d66714765645051664c3547644c4274325539693648512b54646c4b33316d55376b573436506c3949476c686871494f792f4f7653365a532b6a2f31376a3944625a434a374e53477364586a57516c6f31367a51423177394f6a6a4c4b6c61702f2f4c434c504e645a493778572f6270613231685a373362652b4a574b324e7235563330792f572f73534d73366b74545a3165627a79556f6c504f4334597148477931396152317552356276793771513332744c6d714d3664504354436b72576943696c6e3730576c566d7977547a4e5a52317a6f5a425a6748634b526463504e624a4530384c33526d2b59694976475a57544d326d74526144436b37686d54654f76723675687333617534674f75576d786851627935496e324a2f4f616535597749506133524f72634f744c6f385a48326e3864574d39634573547664512f574b614747794f627731547361555457304846636d5a7a753950614b704f376a7974506456505150715574616e7a4e616e362b33546436767a762b7136756c394a3159307350596b66362f744c6734463344717750564230516b573973716e4a513154786e59627548495a325331785264735a386b5567784a412b354f706d46356e74365950735a534a4f423962616d76792b586d725550342b484148766d426f6d614c5a42475146694f51596c736c4648514c2f45395a5539507533504856626b5334487164616b64654e6277396c3676573275543264702f72547952373176583732715a656c586f395a47464d363955424a432b6f4e625a726531444c4d35754355436f584245507a7947506f486a385042442f37694b574e4342524653546b6a594475615859364d39626f705234316336516a304d714a424738526b567337417456476f6f38656c6d3439766d64702f61376d67546a4e3275477248752f6f4b47745555664d4c4e364c7972636d6e324d2b766e544c5245796c30676c762b573237306d5a35736f556d58547270594f755769664545345638642f4b794c504d517042683963496174426b667973694c775872376a6d617174625a526530774b694245687863306a67744e6a766868462b4877496a4e707a3265557141626577313548504f616c7473507577585665786c704542506d4d71585a3168476a706e6a616e54753739496e4c62486b5a5157536271614651574e387a725a526e543761634a36496762657a31726154334f4c684c7357544d4174467a4541546c6e64467a444f307954334c5769694c3164684d4f4c5274583036435850677a6a576e76776a33314846612b53717241574f7a44737172366a7a4b615071672b537a3571694f5a434f49764a6130765a7a333475542b756f68635a616c59306a5230654b39556a4b552f3647566a7453616a5834437542544a3557455265433654334f4e524c325675584d6b7a66525277514f72794155706c306b5142696278666838434a527461685a3559694f546162425973536f626d6d4e353277497363556a396d394e4f70775471423772756e767152472f412b726d6542535975437a6e2f4f6c4d2f746f5455343477694d6b58306e54725a6571667a44466a4541546c6e636933376973536d7a7171424242423761324a54534f4d455a584d6c337875494f722b36356b2f2f5a4838793641345a33444c79504f66776a6a6752617345343273354774356b6c78744e727a6c766f6f4765653675533936565167657071487834474c74713949566b2b4a79445641686b696b33384e715870576e5433732f674370656b52515a62382b5634566c65364b307a3378755841474a766448686e656d34435a465a473263563634326c5455695a546934707765325379664c4c30354c76484f3273624c6c7048654e564a2b75787063715832706661734536337939334a306d3337326e2f35657272665765766436496a616c364143766d786831632b62526e6835395557746d35364c7546716655457731566d53783574355a394b582b50504e59317442484f7274625a57743461503851424f61654450636569505779445a666f494950625770452f4e31746e73447353675236534f687579716b757968503839415543566b68356558484c70574556377639614a724748704e797277646b4e724c2b3846316b423155486c71456c30316f4a536f7973305464742f6f614e4270617170765657554c583775724e6a73387a364344433259337151364c474d6b5a344459706e456b4847314359327464574a39646252376b4241675a4836676c6d626b6b6445336b77466e524a6c763151426b575765647437415069556962366a4a634f46647a2f5769614256615837714339426b57527771564c3250364a70317a4a3047524365796137704538356d4a5a7a6c5076684f4b4b5974415466537a52316f6a32454e6d4852446d3876636568506579425a645954514c36614e706b4949344e5876626a624f65774f5a4c754b71796e3263483537646a513167316f46317536766c6a6142446e6862466658736f74374b632b743374556d396e76486d72595467373174324678484641717530612f49396a334f724652794a5a43364e4637575434497a5858714f4f36513945354c6c6e4642485648714c37454471387461324837794d4545487472387455736d384f4c4f49325a6f79714948496a427a4e5032476d696a6e5633392f506c3145644650633272594775575a7231566457746571613178624f48427a726d70626439556f5a765a753945446c7156713041372f6b394f72412f72766752682b504c4a6e655561375743796f7931567672676a70693836684c564c2b516252785342785a5a613734573355583572746c4831424b476566364941334c4f64707445343749314674616e6d67426962786668384934633456327a68724c4755683236794b64584a78505661617673476b333662794a7954774349614163756f45714c5756672b646259716535357639484b483476516561524d6a71677672326b30303378377030585733656837344379595651364c44352b544a357641696663765353516d5237514735555253316d616a41544f626745387145366473525143355861574a5432546f617041453241644a4f317a2f4e755278397072634f365359487279506349376f6245634852534f34447a6e4d694c657159627470365559505039355936724b584a37417768732b317a444235706544766144302f52667a334d663371397345622f395a6d656244482f3939715867334a4663636c6a4c74752f4570486e413070486a714943736d3265314450352b6261492f4d4b705a75686e2f334d43395a71385736436963733358314559474346702f47554943544f665962533178736e426e6d754d54304c375373724654535453787157774f4c3949414d33575345615a7164665a31494e656f6f637266386f6e6f754873374135354276435844544e48644e546d7464746553307a7a766d735030612b754a5467523632336974664f58394c7a676d4b695861474445526e73715261654d61757078684f6f5a47394a6d465332746e563874426258334e39706f344a3147477a6e7a534545432b6e44514a61475a7a654a48424e2b4e6d68796a4c4b6c46676a58435664613466362b446b6176306a62384871376641684536596f5861336c38364f427273764e4e46486f4d644366307a337142497a7138477266676c376e584e6256366331794e7751326f4a616637644671496f4f794d69775855347a6d37437158627752394554746138416d31476162664a6f424f6b70763444746b63587452687956622f6262586e546f4561355a6f3075746276766f624c474e624b525a32566c746f59386659745a4c43505a7265587a637a6c5147316f564966586f2b767964616b73493471796753596256427956512f752f73707868524764583858687359416c726b326a63687635306b6e376e3655496f6e587870594b67382b6d2f64644b6866446e51636176303131474671462f634b6573786e45392b7553615956716b51697646704d6a3357734665494d393270453547625043423371724c5255554a5a42484a555262594e6f2f7450304767582f537847354e394767684e725169413476756b3631364577646d332f6a57417068735a454d597847367a45507237475735784b526e33786e355661645868466672664c2b492f4476487953675a374d7653446f36615276657a6e44753662797233394d744a4b492b4d526f444f4f6a504b454b716b54706e56647479746a733542784f2f707247335661342b6f78316164724c3948446f5a4c5a57714839714767307a71734d6c6e546f5459306f734f4c6e733551324f6e5367317573494d46304766707850584842657353636a6c4e4c4a7a5341597638342b5235723174466f396a6d3557766431556376734d746959787a364f38413769312b6d472f6c397449585247413044414b4a4f4d4d72545156637338617a2f4a3959784d6e4f5077377450757a70617372486e33696e705936344f6d612b48306174762b6b36534f627547444c7176537279492f68384c644f54336178356271366e75742b74765754744d5738686232766c576d546a776532716b392f493249334c7056516550764c5465743159354e63784661326138523155556d2b37794933413549336d5439626c5a6e45653134526e63734144746f6b72523270702f46325655346d527a65555a63305449304d625974624274717349397371475067643363677a326c72743276594f6f4953533774316530496b4f4a4e77733852345233586c39505a7357313252754d515a486e6d5538725463643368724c78642f313944664e644e517359357a4c46573867455969394f38704b5558642f76576264626a5948426e46346f3239546d7976794b4862703662446d4c44494d384e6147396e394635495857784b657a67463846704e383761532f48546f2f334b6963595747546575373267613763744d69326c7952416769476a5455396d6964566537764f3663626c6f34353135627549543348686552745450506c2b5276746e355843387671384b4b645431593573687430546365587a646c5631736867726832663775434e336e4665644c37334a39704932304d6d6f4e4e7952316a434d4f663066524735446f413332764749614e384b6f4c67697157346f3167746e586d6e4d494e70704d686237303254494c56426f33695639426d6458362b4a647737306d6432526631394c5a4c66576e762b433159507739644f7959582b53436c336a6d6a61794b5278775846592b6e4e666a4d416a56474c53584435725131615a454e5232576d373246676f58323053494b585539592b5a6b324871444f5163654a337a6a37524a52735757352b6e30656975377368476e4f75394856366b7268346d575a7a646d6944486d74793161336a4c36517576376853454736315038746862686e66517462746135366136615a70354258486b307a526e625437516e706c303968337079466c2f30774857363879644978385a396642704f5059744c3650617754425769753363616d3761327335392f785352617a665870436c524774534a33484d385175754b61444b4c7336743152696430466a6d396b2f756f30786373645a796d4f5672666a4d72664937316e5971566e73622b675a655832374743323550494d734a6e6c325a4b33352b3865593954365a59396d495248656161635876546c4c575757364c72585774727a326f75587548626c445a55655070724965593458576f305836476a306939536e394d4f704537746c2f743172536b4d6e5a6261562f547874765652654c6e58727161386d58615a34686743344e362b4a66374e6e4262426d48782b48565044504c7443567a7239383947395579646478726e4a436c4d504f6f684f65727770612b6a6d4b4c364948386379346a52586e314d6779723372535047736e68625248646d2b74616c7a77392f2f512f305461315a2b547471794c7973713047446679656361506d6b794a794c5343444e616c48623633715971327a7459316238324f365a7768344a6a4d50693868725730504d726e5350303574647074593674655350637531696a4a614b62365478526e673132785a5233714e4d774a436f3535714b526d6d58534e7549756e676777505133732f414d5170755a4c69535966775643654f345a655550366a693075545466656242572b386e763065626254596c4339655a62546e524e624a366e3652363854746a366a3945645765544b6c38305233752b696a537945566d764230306b66366c46794262765656543265543355364b7344555258673858693335475958644f467352704f5a645064685a6f66314d325a316e73594f383050614b3753784e6a78485a5178796d53616353454e324e5556786d68647133766f4a634533796c374141416741456c455156534d574e74325a442b7237652f44703473373041693964393178704d30644d5339504f32712b64726541746872706e6f70424f7378537a35452b6f665a6d692f4b6366714c73585665305043524b4d2f384d68397a316a645a72684861324a704e6e73467a4c4b33753752445939716f7a5a4e33455750555471454a3351494f74343933523469354f4874753253506d4e557439544e45334644723547326e4a51554757576554363651766c2b35504359694e336d567a666457436142397147625562572f5143414f7874374d65516262653763597a2b2b706d6a41457761694b38364551417161356e6a52755366387530434e4f74656d546e67463436385730522b5955746f525038336d4f3935467155426e46454d74674832672f6f52506b6449764a67416a307656634554555330544f5a5446755448585534386c65646169364a36786a543543764e47694e744e316239416f436b6368466a574f496c2b383253336e694859366d614d5753784a366f306e65535257717478487445574671345a4756675366364e4d725844322f2f6164466e53624d324d55596d54466b2b4d31743454542b6e493578367064552b3766334f545770466c78594f55336d57326e5a4e506561737473616a695072323073385279304839433530735071386e694b79447a784944314a67316a35486b3636463344384f524f48716a53656875386870646a5761543051367635644e6e44562f50757a55546e757a36524163684437397a5552724566765a65306a43585866735450626c427a7937577959302b577365506959673635316b667a2b537479444c5670536471716b73463949382b4c7865526e772b43744f58736c6d4b514d53374c424373493061375a654779752b39666a374a333156494f4949572f4e4f6e65316a4a304b393352656f33483052704e716a3931435654705375304d634669754862504a37316a67575762504a4d7464427937587057745a576c4161316e2b77387254612b5637716179647653467776767542736c50376f52454b3076376131655578356e39784552655531393056674f6f796b624e57616c6b574664474b61564e716b6a496a335a376355543461305a49476f306c5a316c6b5131315743784d4d736c65712f2f4d2f5576744a4e65697936306f6a63642b4d746d48685547574e423748593172334a5631364e6946463866437337305344463753314f6d3135625736584c33326a4b6476626759386d5a35304a4c72386463537852646f3665434b2f6e456f346f2f57546e71584a36484a597450706d63784e70326f62765a5837456c3845362f6f344d2f576b314c6c4d617a58476945646f477961706b2b597033736d6e507030562b74724272596572747a49794236504a6e576c66626d30356733574c4462336f6352466530646745655531576547793239356f75507a6e4c49664b2b574a38455a7738656f706b2b4f334a6f4f33765a316a6b6d5774707266446e73755774572f527461645865593354384a3431536f4f324d6136744e4d412f4a596e346372666c674b44367339642b4f65585756344e7a2b534e6a514d6b6e612f757435646a3666572b777145612f56544b4e714768766c44647a4a4b5a4b695961586f77623237414d52456f3151352f30665265514241372b5753624a50496f3773384e5a47643474645a4a3234744852556b45733350505559635778713255394d3839597838473069636b64516756734f6945642f6e717168363357587976443442316e62723464687233653850735857354b70702f55667456476f61344b6779317867433467694f454a6c6271794d71707a71622b696644737a586f374658484667367679724a334f3479496a4531316b6d33694569336633503673752b62315059385473726439374e58657a705872585339354c6b2f724f746d614d6466434572476e726677386461573962564739386e635059383168313346755a4356376753763062494d545a6d7034616d52743638674f4c79716e7a757a76776e452b3634326f66444934676e506830456d454661663163376731507953644e7a7178566361654d73337256744d2f62736e7073564e50665559656e79774d72576c614f4c70617474585a39553561725049683962446d69646f626263314b567351376d5736685a3375744530525a6f4d6f754a45614e657072464a546d396e6e564e5337724a73765a797a573551353079506f37712b316768505a334b7173314e6a6a394e715a4f74386f2b536179726a6e387067573868545a4d756a4f4f79425a6d384c57555752722b5869345a2b427035524b5a4c6e725a777252754e5a764350446f3878795579736a73744278304c50693069623478553445487a386b362b646e6432506250306a44717361594358736e59486a58797536546d377736763172724548723333507555545534656a5277712b64447162334d76652b3977305275646e3773764739505a32305674487271656a657a354c656472456e5436504b51354b706b33752f694e77576b7474364a6c37396c5277395331546d74656c784a544e71623564695a31377a4774725a50597244573976344c7348496f395a683075466437697157754b436437566f6e56447334655475332b58745238705238653238695655667766534a79585253514d2f6e734f566d7075555444676b59334674563846664861305a354d4c5678713071676a3852595275626f6d452b4f376b5a45326a79353758736d4d317538536641476a6d5477726d5863692f624349764e5a62615052375231467772554e3346413572396c484c702b513767734f4c6673714b61464e4c587770714a324c7a657531746f39487966464e45766e77533870504f4d7a657475764e32317462386c394c746f61386563745a4f7746416e5a4d35572b3643613534615459366c66474f376234597067625564336973677252555472636b754e4d4d43374c534f71533163774c2b6c746a79755a4558736259587744564236613148734532523739344b72677153705471523745734a654b4f6e4945345a4963587456747253326770726932487257466b3667526b69644f75313231334a3550613634742b714e6f48566835713235614f2f4c54756e7865524736335673365a7274625a31574c33307363356b61644f744c5974645962564953335030762f622b6d332b7a6f7445354d574e7a3056656b6c485059763651694e7a6a31506e6f72364639566f732b614853473371554d7578354274675439534d714e366b6950784b546f2f4649327252563530553675746b4d3646786d49737375314f766165714c566d47396e2b764231317254334d33342b55615a353378433162466e6b6a3761793144566e6b4f5871616e6b73484d724e45677a30743232706d546d7431712b6c44497962496f63794f714e79497a76526f4a7a684562567037544552754372584164706c4632494731646c7566776c6f37765672505349666b6e4e77395a4b6e746c33717531375861534b314d532b5830574d4b6735625959754871325436754f6a70424f4c314e353649496a756b733652477874704447757462335739432b526138584435477a524359645672694b6a476b5756596f2f6b394b4b7a3348506f5237455a58522f61613333636c7350624d2f4c63772f4674376654573246684e52474c4e377374474c575467584d6f72756b3935556b53757265676e4c612f57626c493756305974543076394c79564e7843316c52325746326c6c4e2f334d55686a552b5645706e5678567a5a4d5647444d7252413951656a554535614954335a5947466a3249336145666e52595163627864686c355a3671684f756b626c5736337862796d476451457735614833306d756a70326b734c4a3075616159537a317161696a6d507273576133565853334d473970517861396a703547312b662b75596938655852424774662f55794c794272434d5563593455437854386b4d36753064336546572b694769505a2f41315756586a5244715936496b462b7438577a7767645171317a597557474f4c776c7a313531302f4a61525831624f79784c4f2f4a314d354136385471424b7a76642f345749504e2b714c4444642f474438534c32706650706e7a556d66793670563138315076397770574e456a5568504a45315474734d6b5a7a63565535396e4434756e547356726c546530396b614648663146466251536e7055724177423337493746713759696f546b61496676666755424d463631572f615276534347506b4b513937794644624a316a666633726c624e53526e6251794b47334a304850773271714c5656394854306448313664686a384f724a563269302b754e377159376b57484a56455a79346e796d486e734d6a6a6f4c647a6638544f7956636636657434476a35592f673950595954477662305a354f6f3059597030636f6252334c4e5039642f3631725364465068716974375a462b7a656e7259564d74354a32767831325351776575647a552b46336c4a746c475a747444544e4538755736676e584e4f2f31766274396258766c30504e6c6551744e7261475333354a796f7a75554674394a6f355163725373352b715533656e317a6c69746574414236527072346f5630355472525633663654463152315974366457757a567338324667562b625644534362492b5063384e58704f7031325139696d6d7266467065464e47717a706e7a72576d76522f6554616b2b3136666b31714d72476a7137494f5a79494e6233545044507971356e4e656f307071394d627265386c506f2b4979477363344c535465652f70746958483633796c4d51464c784f4a7845626d786354326973702b765259374b7432552b4e55354b793371317946752f6b756a584576336963763841587846624d4769645a3430395a527a7249336a56426f534763585956316c4756754755494e59592f7a7a736a77306a35746c695733374d3576543263585a58647338367274704f78366f547063414b65542f715a6f354c61463778396879554b4f506e314e7978583131724c6133474b6837587365547064492f354645626d5844713458496678657a64695963617948415578653048486f4178562b6f43556f55464f2f38486550706b41455547516b4e4e7679687070476a5443637038336939505a79646c562b744e4858646a49312b75473736775165465a486672335138396d7033352f534b3275656c324d696145363052566a30425a427135582f702f6864506162317676664b7a53316935465479336b72476d6e522f475a616f4d75513278534779453632634c41312f4b4d644871316a43794e6f615a42312f4c6665324e665432635831586d7673314e72645868703730642b6c6f7675553779363449352b4c7a6d2b64776b4576474f6b486f6d6f416137526e39704c61346163534764783050593248712f784c3955375335517a55696176666e72625632396e642b3359716a6d76326b30425876353862357441704c4e6253747662365231787665363270706943424f4949314c62524952302b45644778364938714e3171504b6e7561694753634766747a696c36483139765a6d307565776548564f765661377448623256585a7a6d315930773731546848355452473532572b57664c4d526752345230443361494a3364526762446241394849474c4d3248756352355253632b78594b5764595a31634647456c5a69474b396157746e6655766c376d5567583270307a61715862537462692b693076444a39525552304c645030305a757762684b523533677a765a4433766934694c39314231716445354345527561646a3254715a766c564558747977544d396d753462565964596b4d41534269456c704f63763876715472736a57712b33345275625a534979322b686c5657435875396c524f4331534a5836685a4f377836546932774f622f514d635539484e3566466e712f4e7430586b68516b725046304c467a486f61423766455a46764c55784348684f527a79513671554164594e30556457356a6b36704d6639633138646f6e7a59382f4b2b2f71373977416c644441576156684345543050314e68653333567441434f694f70714f634d3775337334595259465a556b543351694b584472513935674a5a6e5634437766765a4573643362657358506d6178585969367a4539674e35726b3771755850396b6574526865395773516b7337353965635076332f2b767966524935734a72367343776d51674a32417432383956344a336a4c5058656a316c56465258537a6a4d4d716b3946524b68314e5a35744972326c6e7133584f365133654574444c34375756716a6b6269795247422b33653331496e4a4a743548706872672f6d333136722b6d5553317376743270705a4c4163767a534e4e473464797a542f76667a374665426135552b4c794274624e32446d5477496b51414a47416a583936376b6965693535554a2f6c5430394c714978696e303132694d68756b5a414f7238306b576a574555727047666374785872596162616361786548646c75547955707962556466596f7565534443763937347649646462456a764f4c6761795a6c4152496741526342477236563275425a627a5867494f4f2b336f5a796a54416f2f6e6f767a576450707175704a322b4d79337668744f65694f64614b32464964356a494c68316567375a6e53576f50617261574744554a515278656e59466d756f484979757149366259366d5167376a4c4b784b5839306f476852687950614132556941524c6f53774474792f7257726b39706834727330754831473033725a51366c5a76724a5633643136307850483354644c2b727736764b4b38726e625434647665676c4d312b70753552485249617464365551487461756c75714562492f52494d463269776f6345534941457368486f4e635a6e6b3776553535444f726772484b49766635434b63446b2f705a624f4f766e764f4755596433724b4261432b355043794f384d3450524f54446a6d4f796f76576b6e396230756474787449374b634457676a4a5a72313446714d436b4a6b41414a72424b49376d4f7a6f3061434c746c6c57617a664a546938355149412f57537636317a4b70696a39757737534f7442376f317a76547262377653794f3137552f76793069747869746372356a2f744a6e75455a7331636c715a3949744f325472465a706f645065486c62663856454e6e426952414169514145476a5a7a774c56614a703061796c6430384a375a58356b6839647a6e617558782b674e59756d494b4c584230655871315937516369497643596859303774562f2b6b464732557a68573665384e77696478456436785a512f6b34434a44415567614f4f68596550366b36747a4f76675a6264554e4f6f557865514c496e4a62646a674c3964733649717173376458493779553936756a7056774231376d6f6550574a4d6a317a37624b4e4c416b62716a492f61353954594239386c4152495967774379564443375242635866446a6934424d523861726c4d7049446f6f305358564d356d6e786f78364f6271743635634b484230735549352f4c5779486d765737424730496c47453536484b6f507053594145534341684152305052677743585652554e7971616d64442b666c796c4a7750756a4b3531654175623469445652676862732f624b6537544972336344575776395750505037765369457975723345784841695241416e7352794e37764669366a6a322f562b7655364f7455464e3871675a696e447445725744547549474247525a36513861317064542f7038612b4b4e644e4e62764853543445686e2b78376c383037577a6c65586453416e4f51535a4a4c4d684152496767533445645079374d654734642f474f6274482b6b527a654b476458326252776541747a50646e686a6b534e6f6b66557258514530327470395978686663702f752f5249433456456269446253345a3575526d6433746f544b624b775a5431496741524977454a67377955506130767a4c48552f5a4a716a4f4c7766464a4733426d756f42357539485a4d657a7135564c623258527a776c496738357a722b3179704d68585a594e4672786f496f4d317341346b51414a3745536a6a6d306141532b42486a305456355937542f36642f313066546c4c5052645a3177535474395a79704c53562f5339746f377368645056376b396e4470587859435857693056364d6d6d74324f696a554f6433584a584e34433757394c7042724748462b34534c7831467164413065727a556f57673650536e684d77756230626f4a74564e426e466a74424a37466b67414a6b41414a3543445130366c724a5848454a72573175753342527832394d6f754c326748366568463533556e497a7956336446765a43665039796458524f6c48344f524835656f646c4e5564634c6b49374967455349414553474a4441486735644a4b5a573064317048544d776d682b485a64304d4e6b496b4e3949656d42644f6f4e5774656c797a692b754362354141435a4141435451696b4d475a7178464e3132466555354f423464334d6a496f6a2f4f6a70664e4f79466f6a726477794b5a5a4a6e455642377572567949364865784b5a58645439497669524141695241416953516855426d5a32364c55655370444f664b616e6c697735614d2f4a30453969525154746559316d47364f574b2b41594d547254323178624a4a674152496741525743597a71384871584d75687538657363396a41714a34656f664955455349414553494145534941456a6b56675645667575794a7967304d56656a4b4250672b413737376e394a6b576649334a53594145534941455349414553494145396959776f7350723257536a787a4b3966624b7530484e4d30346973397259766c6b38434a4541434a4541434a45414375784d5930596e3769496a63425a4a62756d4342546938496b636c4a67415249674152496741524959455143497a71383643554e543476493151764b6f634d376f7357797a69524141695241416952414169514145686a523466325769507769494f653538304252702f656a496e4933554461546b67414a6b41414a6b41414a6b41414a374578675249635863564c586f7273464f354b5876764e7045586e6a7a6a706a385352414169524141695241416952414167434230527a65443472495777483550694569623935496a7a71396f7a454463444570435a4141435a4141435a41414352795077476a4f32354d6963693267426f7438364a706753353541465a6d55424569414245694142456941424569674a5948526e44636b47767444344e70684a462f65764e625349706b33435a4141435a4141435a414143515154474d6e68526138537469786e4b4467526831666647596c62734d6b774f784967415249674152496741524959693842496a747454514d51576455712f4c434b33414b6f626952736746704f5341416d5141416d5141416d51775045496a4f5334495646595a446d446176586449714c58423173666e745a674a6356304a4541434a4541434a4541434a4c417a67564563336a38516b5163415673687968704974346c436a45575367366b784b4169524141695241416952414169515153574155682f634c496e4962494c68484c6a71384147416d4a51455349414553494145534949465243486763777a316b3079554b56786b4c2f6847516470346c6e56346a5a43596a415249674152496741524967675645496a4f4c77496f376f6f794c7971303446494f566f45615077632b4c6761795241416952414169524141695177506f455248445a302f6534666973694454745638524554754174376c356a554146704f5341416d5141416d5141416d5177423445526e42345553653056695a4765666577524a5a4a416952414169524141695241416f3049314471486a61703152626266454a47626a515856724e3874526444684e634a6d4d6849674152496741524967415249596763414944692f69674e61733335337143796d5456773250594f6d7349776d5141416d5141416d51774d5553794f37772f6f61492f4157676e5a72317531364856392f4c7a684641794b516b5141496b5141496b5141496b6343774332523031644d4e616c44793861766859646b35705349414553494145534941454c7068416c4950594375476e524f514e78737966467047726a576d336b7146584454504b7530575576354d41435a4141435a4141435a4441546753794f3778664570465847746c3855305265596b787253596173343658446179484b4e4352414169524141695241416953774134456a4f62782f4c534b76436d53494f727a63764259496e316d5241416d5141416d5141416d51514251424f727a724a48577a6e473661513537735042465a6d4a5945534941455349414553494145446b456775344f474c476d496a7643694a30536f5157546e6551696a7052416b5141496b5141495854304448614633792b477369386a555265646e7033302b632f6c32575130372f5066394e495a622f702b2f726c397174665052334c552f7a31336466662f47614741524164676474543464585663686c44594d594d71744a41695241416952774551512b4b434a76545369703769503677636b5a76752f6b5043657335755657695137766564326a797871346a7664793278496c4a77455349414553694365676b64773752655432552f5131366a536d2b4a6f2b4f30654e2f717066774363426765774f4c2b4a77666c52453767356d69693572694635574553774f73794d42456941424569434249516a6f4f667a76465a456268716a742b5571713038756f3738364b7a4f3777666b5245376a497961685664525a5931304f45314b6f764a534941455349414553474346774d64463549364430736e7564783055652f354e566e7576345658465a366a4459513251677045414352794f6748345a75316445626a317436744572332f6c5a3933427162694a513176573530634b2b357854786a6336582b5a30686b48326d6b63485a7a464148476a454a6b41414a5a43657739516b362b3369546e652b52363363706a753555687932575952375a5271706c793934425a5841326b54716f5172497a725459615a6b414367784c515166552f69386a3149764b6f69444479474b6449645859664d4754482f74454136594b53614a763858524735356f4a6b6e6f764b6a5732646c4a2b39383047637a5662725a3545366a4f44776c6832763169756269796e7165595036634f46397038624a596b49497143503250684735376b787535584d376264754858426c2f414a6a735a783933664254346c705741326f7565756f434f51646238523033486474465963396b424938356d4b34663333534b693632327354386250464f726b6176516c736f5068724e5271455579334677467231484665767a33367856485876586f59373846334c78746b7563385132467279516c623851747a5542724a3350426b63586c5841794363316f4565726f515a487878636c7876533943447775496a633643394d4a744837566d4e36385a4d6c713653616e38743753627938536b5a744535446b726d5766766f372b2f4554316659355a644c6f75756d635a4f34424c58364e7270584a6d5362634e4c62754f3937474470384e5972486a6e4c754b59304f723431395068754e41465035444736446c48355a65326e6135795972444b6430396c304f5a684f564869726c73334365375446523052454a3138367764584a716c372f5779613730332f5066314d4a79762f5436344c316a2b72355844376c577548494c365a7a6b694f3244357331374a67714f395173446d2b576571436d306a7136753151664872434e616f6e705778446f4e6446725566656c504450323155395662445a71645735364333326f592f385745646d363453756a6a6c727751504a7337657a7156784e64652f386755716e67744e725871494d63365144546c6f4b56704e6c6c683572463063785344395145305058486150356236625062313162392b667534424f6a7774746364737452725868754e6b72323866525772536c426e3766306963693251432f75385a324331756a7a696d794c7957524835574e4c7a6e57766152614533306f5151614237374a7333654f4b4d647a664a4a536a39336149647276596f3475683639744c36337731766b624c5768734264486c6a4d656764615270643545736732417458772f4c534a76374130524b4b2f475763732b7267495958456d7445584530383338536b586675484d3146366f7a3444534e4f434245574b644a6d62356949775a787a7172527a567564766251504c466f667669636a50476a575779626e6259306e444669617539643069784e2b6a4345524557714c7155707450746f6a6f4630546b74677168736a6e775252544c4d585a62596d2b4e4a3176766a2f71374a794b2b4a65765449764c4630383139493937573578324476794969723969437739387841746b625a6f5444613431454c4c48774e4f424d4471396151395a425078736e724f55773953674573746f2f79692f6241426a424e64763459783072746e535862584b7956642b49333273324d4b36562f386369636b394535524c6b676259586a6f384e6c4a617477356d4c474f4877666c6445626a43776d306363764a2b304d6e3671517875624156646f457233786173394e423648434d4c4e30424c4c62767756597067457779726e4a4e5036676c3264733653795462467431726630397968354b5066534c3672734f4f4359672f564447382f78723757543339374d33796c7148462f32636f4477385564327049724d366230686a32387377756478684c2f4c484c786674433749527954514150676c753546706a6d55576d61496574794a7439664932773853683233785952505672732f71516230534a5966555245376a4a6d6c48584a6a3748364f5a4e6c6235433144752b6e524f514e4150704852655257495031533075784d6453317a4f5766514b6d726b635375574d6e6d306d5955533036414552706a3072636d555a51434d2b757976636d6149576e752f35466c734c2f7459594a4868584a6f6f573867614a4b726c4d332b2f31702b4a72732f46355a65395164596179466450423144335571776552503763586f5874554d3465446b4e324739314244537979677341654e6c7852335a2b2b6d734535314d704538747454706f6a4e615674367a524c423371716e393366764c587654386937463256575a612f305a72353734336f6c41646d6569316b41694f32654c305278706b6630356558747a5a635458596e314d5979465173375242486253745a2b6b6d702f4c4f2f4c64664161376c33644d354c5057502b6e786438747372616830566d625459777175324567333665345174584d7034575652633638384d61697035716e316b6837646d59504e6f534d3849764e377a3473447639485a38465656326d7831596e52645464572f66384a3754725535526f4a444c4d544a4543317530397a3361633951615a49736437434766705634316153496d444a666d3743727662346a497a556277475361347871714f6b797837592f544f694854322b587369636c564856567a5370356b353168594434546e563662452f4768327958687a533051782b576c533535455458502b73704962727a6550376f2f396672536c55657652357a78484d6d39324162556162585a694f64337045327358676e4356753636726c525652323150367134446e6c4c6c7158664d3479785733305230672f563273452f69386737446e6743673855326b44346e34326c5046686c5470386e51474d38425168786533655770555662724443704b4d6150642f68496c3931492b4c653455333670764268756544696776455a45586973687a7469712b386e74504238425a78634f38686778415536476a6e46366b6639733734684d52315673796e46374c4769492b7757763950527562392b716a616d34385736737a386c5669716d2b39514f4c50446e53754c746f4a6f684f46537736676f577a4e36666471694e594b49674f434e632b6f644a666567433063652b6d76353279344f4c65336e78786264573562504e6e625a67755a39386a54362f52473641647048337337764d6a4e61736f5534594f6b39646849684c4d37445779674e744e61766a6d5471432b63532f56475a64653666554a4533757852334948655153654d7657336d514b6a5852636b4f46526b516569714d4452696a6a63357573647966536433536e6d75694a526e6c38646170357232745436767a764a385145593134743378712b7068616530504b3374766831552f5231684e6f666e6861716d505657793348632b56454f4c767a2f6835312b6e704673567373325a6a7178744f50582b4c656c69563752493549315743614c6e586a453079675a5563545556587635354f4973706679754f54315231464d767977697430526c74704250394a4b41487363586e634f527659316156426e42734e556e50733867586d53753163314944692f69354f6b3179456762623755684c384c5a586470636859354c50527a6543466e5832764c557a684537305078617456744c76354d7044624a68375a73696f6b766a2b415154714f32774936757a4650333531346c4f5075675a31565557727a76422f6478424e7a4f68485364716178474f4c2f6f5a4371326a4a58326d4e6d7170377a534e32764766426c7a6d4d73307a5171397a4f627932574f756f4959355462566d6f377162703063735a314d6c35414367774f6e6f645a58647266543436535771707579685a725a4e75704b3163346b6b4d61787731616d766431784864486f436d654f796b65772b6d326c6a664a694b2f6c546945337a4f71717a7a4b5457687a793974625636316141744b4265757051772b317845626e5255326a674f7a3269513448562f5846574f6c4634372b6c306975693853333431656c32716b38634f48784f526d796f45484f5755426d5135672b4a5133614138492f515a3853576871485072557a77695839516d78366d70526370714d65476948367663644861666f596f47546e727553646d6a466145414142535653555242564c486f2f6a4270496a6f5a443479576e31383839566c3635796b5265616a6a726c4a4c3147417666555578505a655074535031314d557a34466a3034616b4c2b6f346557665a79394b556430364f64653031566f39754478775a72366a42436842667471335839376a586772564c4653613678426253655732567466597048316d52475431716a5a6431694d5a396b627257544c586257386f3653546e304a62525057682f7973704d42304e5a3031574e53506b3274442f5631512b5a3579504f2b6f55583564524234576b592f7473497a4175703676743834384c4c337674485179556163586962353535625738702b73685832464a6d43434e4f7273664148666f31315937756a31343170683736344459574c54545a4f48756d6279555a514436705572626e5057702b6579504c726b34567966724d5a5049746657526e366a33636e626e6b35496c7031666c5647654e35346b2f5932456566586e374532746275396830766344322f767869566167364533733575504d3662733261532f70654f724d79624a554f6958355a363443776131472b745a3754644a474470616438367a75656a74326139315936524b39626561474f6d75614854715a4b486179545845322f6878313848376a36654b6c2f73765a703372347463756d4d5271592f42487a52512f71484b4e337432636257644b5474525a2b6a376a585a36692b32666c6537516937412b684759667174382f6a346845446c517249483152416c364b616d482f425a5a6b4d696d6433433131434e6a47753151667876633958314f4471764f6b656862533235526732584c4f6b5a47324c7a31744f72566b6a2f7171476d656e764b7a4f37776f427a314737675554774f6a37434d50496363577a49526e70733733325556426d436867684f724b3074534f6e38646a6f49794c796d694e4432564f32487362373363616256377a38796c6f7a372f75523779484f315236664e694e6c72636b4c48554358796b4a7350714b3855676664706175626e4c346c49723843524d34794f37795245625961753668314b4f5a6c652f574f324a61576d646e6839557869356d73503057673573717a685352473574745a6f524b526d637856694a39375452567045646639525248524a686c34706a427766703767524851576f5a2b6773304c57374b717a58546f5947316176796141654e316775644261503531365450644e5a64356f4776686e474c643546425a7131387139306a5a576e6e70746462662b2f30703553744475743854666752394f324a5872537768326d6556723161366f486f767553486c702f5a446c4435317878484a4a2b74795a324f4a2f654c794b756445665735336d75635863304c6b63305471496832647066574a794d79714d78624f724b3072557449343947646a6833507677513465386d496474426f505a48494a5a7233556e70642f324939367937545444587a774265686c2b673830453536586a35693931746c50536f6976773975314268643333747354725059454b4c58726677386b3358304f4b4773646f444b7273655750573846364662376d623632356b79312b4b5266362b7871765248396f5566596656354539507279694765726a304a307050574a62476352386d584c7739732f386e53477870707362626965486339656b637347744c754d4758686d334d61733457524978386b5a396b2f776f70333056436d6f37706332714e54735342355a33353749785671442b4163523052754935732b4c524f526d754258466632373132426a53707949626e33704f304e486c444f6347617354576c357970534873724a685868374770653650686d735131316c74346674467a4465754a4572593463546657777233692f664f6b4a55662f797346535343475a70674456562f5473526558464e42734337366f446f3830726a4f356b63783677446e78486c72736b38546f6e33624e756f48636e49414a504a54714f63442b74416a4f713242537530446b744f32316f44516236416f5a4f306d6b614a794b78723036382b55786869367957624d6936686a7665577a4661373238716e2f49373032786137694770665078435244774d6e5471427272565757533973386262454a72374f7265585074726f56775a5a725744692f61496453496f78455164585a4864486952446f63647a624f7442503045752f665a74736939366932634f4538376978714d6b65676171746357724e41365742796277683978426c7649746d5148714a3633546a68415a4a7a57523533757150467036354f2b707a32556435444a77626c4a5335527a6a3753764f572b555135522b3048497a706b66627a56514772743374704e48574275735a4c4c796961326679456d445861633950684673795a593330624e5537302b2f49774e504c65566a6a4d397139366a5764655748676a613468446c4d7276534b3270664a616f37455a5a4a76624b43727231686943544f616a2b784f5635653069386d4230787050384546357239686e527672524b4e57744145546d6d4f4c6630337842396d7178723956656a747a515152716849443250314e69546c707a4d6650547246386d686e596f3375616e365a484e364d41352b4665615930497a464532675336455370614a37576475645a6e4b7770347273345a394972556f6368693656765266433135317567664456446f4a4f5a3651344749765275794d7966703455676736336958484e3649396c587237426167486a3231746b6d7a736e644b574b752f6d7235784a3548484c62615873586f616b6c4c5654382f5763774b5274464564524a546d522f7a45485356375644364938394171456d69524266313032575051587174337a5a6f307a564e3337372b6a4d734b474c4974714e596c464855475633644b33496a5a727a644e69673148367474716d742f2b766b6358376152387445394868764e2b70645a6169326c694e773976444c6c47647445797666634764702b44617930586b3579734b4f336536535557326648574e674b56546a714b486448706c4237782b446c4d44737a783651386c746c6f536e4e44316c33366f57776d6276694e2b574c487639726c384466745a592b4a344f7232346f4f62664a5a7937436e6e627175567132314e38612f64745347664a4a764f58366471534e716b79575a513249624a706e4b34652b364f447652655358746852792b6e317273396f38473553667352725053755a644f754d747a2b5077526c33594575307765535a32686475652f5a5258643868374c593747733034596b586f7937526b4365786970526d78654a694a3630356b364b657038364c3931352f7a386748356b626173652b7639436f37597a33624b47646a4a734a46637132544e34374f6e774967502f6e6e5a614739324e736c4f6b443741346d635975346c6e4a6b45697a3165485664496739744852345558337252724266425743692f52795139552b5437764635474856346459783777435063776a7452625779614e574b506d53626e515569666c593361375873447a305175426654364174474b7935443537754877497143517a6b526e3974635a4d383930587a5536304754586d56454649636c516471585176614c6b36484b47505162777773683764577430684133704131704f5a4643487a566f58784d466f47634647723444334f6c7549764e5a4f51674d6e373670634f6d4d746135344f73552b3933664f586a6374647a74556e756f334e793672526b55343637774d76347647796a333576756c78424e38442f596e514249744a6164773271664a7773737a7450534765436248427247516c4372654e54497649473430766f5a30526a746b4d6d3839356d6f384a36422b746155427178765172495a4d2f3236526e30576a6a6f5342396764544942465679524647466972557547434462717a43735572323136796c72545638766a787177326774696e4e632b316447702f66774b6372317454486d4c72612b574d634c617332755062524f5333774b566d4872614d366e716f4262376a37625143713341324b36517a55576643756a6179356164426c4130696f305949644f5a3536552f745a6f3839374236743835374c47644249744e706a71383463615239574a395062666c725542636d7a787445384a2f4d587750305045525076576f65716c623268746f48714438312f6d72376e5244317959714c74386f6e54736b586b4a4b5561566c7676656d397a334d703337666373397571742f7948653232506752384331366b77797a5477524756735036496875396b714c4f6f377a6575716d736564327272786e3655574c614b6c566248526a5863764f50465037514e6278576966566948797448463730793050556b6a435030787478386f653148566a536f66717a35446c507339646e6349392b505049642f5a30392b2f4b6a7334586b753153484e355063504a4c4d5a7249616364414e48792b314a56394e316449355779765563397242586a614b526e5a2b42433754514e57484f4253744a3451746c682b674a7a56454f3732657956686b774d4471564b485835614a32356b3376305239533168345439476e39725070425a4c716b7446476e3156775373326179376a576f57675643426a74726e6f2b4a79453357784233536a5862725667636b5678515265527a4d487032505a336c4139484644694d34517030377a6262334d42756b44576a7538726571434f6857522f5461364f6247566263355037796b32717a71646e39364432484f50744b6a2b6b447231584d617756712b5738694573526b79625158386a636d74533538694f733055466b552b493176497a62566a544f694f647956366e43316a5a5271667a4f49766e36744337382f46457a37542b766573355a5959346466716539644f39317a6151507142315852413269504f4e39414746593154666a5a61397032313662616a3165796844613333322b427046703965716e665070396c7147456c5037672b595331576d32776f4e476d797a31794f51306f673752705177326b56466474596d396a6931436a33725375753452685a3632472b53715648307638765032557674462b6f44576b396c5744693836385931796574454a35643666317933392b783570304756415733584d3643784679376a46594e546673793639475a566e614c327a4f377849644d634b4a70505469417a6d4b6c393266566c31634334644f676e594b6e4f764b496c33674e6a625068476e4c6d4b332f70622b6b506f67556457746370642b62316b5854355377356c7865547a7662327a59394f7576316a6b642f5333586271372b79636f715330317065396e5336704f74627077753073692b3979633679656632794f31436f513267426c6b6c6d5a414474345678592b4c564d55334f323772786565305631537a332b526b52754257466c474f77516d327939666c66784966555a32654831526e6d3954752f6a496e496a594a2b58305038414f4a3656314476426e575930796d352b4f723238514b4b6d72657a326269626e727a6169596f473435396d6d74664c31634334734446756c71543175624671766830586b745542467977303735597272753446336c354a366f6d645a62444f5467366c734d3531693070714e313546412b334750637a614b4d31625a644b7465392b705033337637546a664631516a736c62656d7a4c336531516d66626e6a2f374143624b5064696c4c3563744b50734c5644306b6f5a7354694d69582b734e4f6231314f7930505855743472713749476c6831736e2f6e7a4c6d3833766268576276624f7270626e507262526551474564466271706175414557634f7457446c3548563370417a596b655038486f633063495230514e363055515050567674495873366a784d342b6c49525a427a4c727239702f6254762b584d5265664e496c575a6431776b676e655165484b4f584e47527a47684835576d2f4932554f2f47676c3976346863473169345a664251522f663352655135686e49396251516439467075426c4a5a33374a78432b4655526e54546d6f6550416675506b36414f594f76326a557747764d3433616a73656878655a52476a2b547757335561762b52303248364c4431524c633351305432336e55375631364a3448493962696174424e656c355741565556566b674c47556c383170524f547a447141574c6e756b69567a436f50573337477a324f4e696f7a5878655244534b696a77574a78334a54394d695472326d4c333342563056456c335a59483553504e56394e3937666752534d7436364c3151534a5a4e63363331326d7772756446387a2b61553462596f446674466d4e4c662b55744f384e3738334f5664667a536667565a4e393561446c3269384a6b426c354b30356e4c592f432f4e3461305a68466f5977615536764a3431726d76384e567231495247355a304e424e63736d724f33454931663051663561687a38536b577363427176745177636c6a6178616e315a4f706b6466726473336371755731666c6334377a6c4d4b3239743257724b4e646f2b375461315648534c546c2b334d312f464f31536a7145496248574f657775444f49535775725965454331316d4b5a42356375754c3676382b6f6e553435424e38396331714c6f735152327572636354645a336d615856653046757274497a49364337717a477878732f7765576639536e6d66696f4f38653655786764446e485646666e2b6a6d3037625851723857756d4959455349414551676c6b64364351543467574d4e6b366239546856526d7a3632784c4431356e5a7071766463643431415557466f6658493166554a6b70316a6a5271394e49742b41312b62324750757162356172437579475a464d4f75664a6b6661613851537042716e64366d76515050544b4c4e6c6e6275584a39386a4152496767573445576778576b5a56484e6e565a7973306d4c7a4b415475584c4a6f654666556e6a6357616d2b56765845395a476461646c57694b4848726c71767a68594e715168756b4854526a6831307a493961367a4c2b7a306d733068376a574c6a5864705175457a37437652306871674a47577058544538434a454143345153794f303749414c4d46527a3833583765567150507658766d793632304e593831474e56314c2b49364e44515961776270665246346447416d334f433665364b3479736a6a535535626c614c4866464a466644705452612f5a6f2f5a664b6d63703073374d6950784b5271357a7649713868376456694e356179766259317a66747249714a2f2f6a3059736132646b466e6b59786f534941455336454967752b4f454444426277443474496d2f6353745435643639386c6b2f736e5555784665654a676d724757307359576b59364c5536645236346e524f51464739536d7a75424e6f4c4e69556f677a6b54707a476c4731724a2b6546394843616264472f5a33692f765131704c31474f62786165473255317975337866613965664d39456941424575684b494c764447376d474e364f546941796755384d594d664b4372683873387134354d793269756650475a33476b7646487263352f67577a72776b52324d4f6e56726a7a7230476c563835536d42586e61684a30436761334f333674767a4641476b76555936764873347654323562756d5976354d41435a42414e59487344693979444e41576a4662484a323256652b35335a41436435744e6a76574b4e5845767665745a6a2f385070616c6e4e727a68512b6a6d2f6462547a65794c794c7550356a476830642b306155585867337959692f374854352f6c6f2f65365658382b3267467a4b45653377396e5a3665334c6479335a594c676d5177415552794f37776570796b4e6655647965484e7272636c485869642b35374e3865736963696677716434547466364f695079505365547a52534c69586276616b303347736834576b646432724268795a58514c683765583036746e57396365473968524c53794b42456941424c594a5a4865634970326b566750514e75583146456a45714f5179366d446b6b6257474c667275316a7268714b673157712f6f394c7242367768485466582b3549354f626c72324e36335839444b36473933716d42384a6b4d44754243374a3463323437685739786c554e5a74536a677249367644565866455a4f7948703042744f496147756e71625538765a307964486c5653346458325561633372436b6f78376e4762653244655a5041695241417338695149643358365077624d7072505a433249754a78376c765670655272325a52327267355a6e6668356e64654f644276523661325a6f4e5459452b7277397068677439426637346c456a5537344c676d5141416d5943567953773575784930632f6b3670695233563450633639325a44426846464f55336148567a665566566845376a6e4470345854424b72446e4c7a336d743170786443323275744972306a39315534417a59706b5168496741524c6f54654353484e3673737149443171674f4c2b6f777447674c757637355178734f49464a757871693172744839537847354639683868396f677769677162515a6e7a4d704a542f6c3466705467686e7973395471585651612b426c475a6841524967415238424c493667555761714457534757395a4b7a4b696b6338656e30703931725439567354417646334b73314e59497032656646486465637177766c4d7234313636325a49764b68712f565937316477756e7662346d576571324a436564586176326d5934455347425941746b643371685078686c76575374476730592b6533307162575855336b455a7259386e306f6d5767656f4f7a6639632b716446354445522b61794966417949356d3756515a3134765342436f2b45617153775852327939462f46376b656c62703655376b584a46314b2f6b73576244656c62306663627a6d7950724d382b7236464431654f374a4e706c6f795952356b77414a58446942374135763143666a6a4c657354553350366754322f6c5461716e6c5935665755723037546e775575573969715130745a706d577241366f336c2b6b36316a306377565a797172362b43433742324e4a4a723939314935744f656c5176652b6a454b7564384571504c6f6a4c5831796f5830354541435a43416d554232687a66716b334632683163565a6e456f39767055616a596f4d4b46465a6d7557745a2f3072655573705975555935372f6e6e4974795470336e74613471564f6c4563596254776d572f6b326e713862712b43344a6b41414a6b49435a514861484e2b71543851674f377a6d6e46376e7131717a3852416b7454745463595372567a784b74696e4a3657793156534b5275566f554553494145534941452b684c49377642614935396231456262364655637745644635503741395a6c626e506837505945743533334a63646531754a394a7350617a586e726d5141496b5141496b5141494a43597a6738483545524f36715a446561773173704c6c386e4152496741524967415249674152496f42455a7765434f4f4a6876395a414e614c416d5141416d5141416d5141416d51674a50414a5469386d632f676461714e72354541435a4141435a4141435a41414356674a58494c442b78555265595556434e4f5241416d5141416d5141416d5141416b636938416c4f4c796a587356374c45756a4e4352414169524141695241416953774534482f4438506f70413759694442394141414141456c46546b5375516d4343);
INSERT INTO `assenze` (`id`, `matricola`, `data`, `motivazione`, `firma`) VALUES
(51, 1020, '2023-05-28', NULL, NULL),
(52, 1006, '2023-05-28', NULL, NULL),
(63, 1084, '2023-05-28', NULL, NULL),
(76, 1009, '2023-05-28', NULL, NULL),
(77, 1001, '2023-05-28', 'FAMIGLIA', 0x646174613a696d6167652f706e673b6261736536342c6956424f5277304b47676f414141414e5355684555674141417277414141457343415941414141684e4743644141414141584e535230494172733463365141414941424a52454655654637746e552f4d4c6b65566e383845672f2f494b495a6b49694e515a457447596a61446e55513269346b4969694c4d616f77796d316d427055697a734b574d52394577496b4a775a516e424a6a67536a694b4e535041717967717a69636c6d77416f4c734a494d6b30566b7959354d49684373774d6c593249435a69513766573735392b2f6237647032715539313171702b577275363933316464666571705531322f506e3236366a654534784b426e346e4937516446394273486254664e6867414549414142434542674d414b496d764d642b6f6369387158422b7476616e4d2b4a79445872535a534841415167414145495141414350524641384a37766a546445354e61654f6d736e577843394f34486e7368434141415167414145492b424241384a376e2b4e64477843715176324138703358786679516939347649585a55582b7171495046705a4236644441414951674141454941434258516767654a657866316c45486a503279424d69387054786e4b324b712f44395a755846384a564b674a774f4151684141414951674d412b4242417879397a2f2f42515a7a6532567030586b38647a434f355644394f34456e7374434141495167414145494c4176415154764d6e394c4f734f76524f5357666273782b2b71316f76636249764b78374b745245414951674141454941414243485241414d46376379645956326549454e326474724a573947706450616476644443734d4145434549414142434141675a3449494868763767314c4f734f6249764c326e6a6f3030785950306175582b6f69496643767a6d68534441415167414145495141414375784241384e364d335a4c4f38443052655743586e764f35714b577435363649442f6e30426256414141495167414145494e434941474c6c52724457794f6349722f6174625635795266796f3051436c57676841414149516741414536676b675647356b2b46305265544154713636374f3871327739613835546d694559522f5a72645444414951674141454941434261415151764466323243384e4b793545543265592b32707465674f2b46473330597938454941414243454467494151514b546432744558306a6268456c365839387948434232774875576e5154416841414149516745413041676a65367a316d6661302f346d74384b344f35762b4e5030653441324173424345414141684134414145457976564f2f717949664d375135794f7a4b343330666c5645486a55777043674549414142434541414168426f546d426b30576146392b3946354a4f5a4a305664667a657a6562387556727036677a3430584c4e63694c49516741414549414142434543674a51454537335736337a794a76427a654c346a49517a6b46427968544575306c306a744178394d45434541414168434177436745454c7a5865394953346458647866516a72534d63705a4665664f7349336b45624951414243454141416745494945717564354a6c532b48526c695262633957534b4b2f5769582b746b6558334549414142434141415167304a344167755937344a5247354c3550343056375a6c305a3557616f733036456f4267454951414143454942414f774949337574734c56484d6f776c65705754684d2f5659664b7a642b4b566d434541414168434141415179434342477269425a4935676a72734762345335466f70636f6277355a796b41414168434141415167304977416776634b7258584468614e79737a34594a4d63394b71396d4135654b4951414243454141416844494a34415175574a6c576148684452473550522f786343564c524339523375486367415a42414149516741414534684241384e6f46373873693876343458647a45556d74455849334131357030425a56434141495167414145494c4247414246795259676c7964593835656266577a39694f2b4b48666e61716e41454243454141416843416744734242432b4374395370536c4962324861346c44626e515141434549414142434251544144426534584f737130776b637272376d614e3875715a384373657270774941516841414149516745414a4151547646625850696f684748334d4f6f7054584b5a5645656656732f4337483079674441516841414149516749414c415954484655624c4b673366456846646459446a696b424a6c426652692f64414141495167414145494c415a415154764657705347737064726a544b79314a6c35637735457749516741414549414142417745454c784665673775634c55715531344d69645541414168434141415167304951416776634b4b387553316274586965676c796c76506e526f674141454951414143454667686343544271362f6550337a6938627949614335754f6b68707142387170616b4e522f4c42657372554141454951414143454943416d6341527849594b4d56324651662b6548366e39664c526d6470334645307045377846383049637574554141416843414141516755455267644c475249384355415248654976645a504d6d36376643724976497576387454457751674141454951414143454c6952774f69434e7a6333563966575a523165763946687a65636433512f3979464954424341414151684141414a6d41714d4c6a567a686865413175383746453534546b59654e5659377569305963464963414243414141516841774976417943496a4a35306863667965694e7966435a574e4a2f4a4135543573704e704739735538597053434141516741414549514b414a675a4646687556444e4d306a7653755438466446354e484d736b63755a685738796d706b667a79794c3942324345414141684341774b34455268595975666d373267452f455a46335a2f59454564354d5541586244724d75627a3562536b494141684341414151676b456c675a4d467257586e6878794a796479597a4972795a6f416f454c314865664c61556841414549414142434541676b384449676c6658337331646555476a746b767239433568314471765a664b6c6d4967317459456f4c313444415168414141495167494172675a45467232576c674f2b4c7944325a5a4247386d61424f7853775048716e6d6b663353526f2f534549414142434141415168554578685a574c7869454c486b384661373073554b69504b323555767445494141424341414151686349444379344c586b38466f4572793568396742655a534a6757534b4f4b4b384a4c59556841414549514141434546676a4d4c4c677462784b74365130384e48616d6c63742f35346f62786b337a6f494142434141415168416f4a49416776634b49422b745654705378756c4565544d6755515143454941414243414141583843434e34727075793035753962537a56616f37776a2b2b6332784c6b4b424341414151684141414a4437327a46546d76394f6267317973736d482f333149525a424141495167414145776845594f594a6d32576e744e5247354d3750334547475a6f4d34554938706278342b7a4951414243454141416841774568685a384c346b4976646c387243733073424861356c517a78537a72492b7356597a736f33556b4f5273434549414142434141675377434934734a79374a6b6c7132466966426d7564625a517062564d375153486a447165484d32424341414151684134504145454c78584c6d4152764169772b6d466a5357746733654e363374514141516841414149514f4453426b5157764a5a4c49736d546244674f4c3446584c5276625462636c7a4e51684141414951674d4142435977734a4379436c32584a746e642b692b6839516b53653274354572676742434541414168434177416745454c796b4e4f7a6c787862425335523372313769756843414141516741494542434977736546757477387448617a364f622f6d6f454d4872773578614941414243454141416f636b4d4c4c6774617a442b367149334a5870415879306c676c717052696255506877704259495141414345494141424659494948697641466c576166696369467a4473317749574e4961654e42775155346c454941414243414167654d5247466e772f6b6845377337735573744861776a65544b675a7853785265464a4a4d6f42534241495167414145494143426d776d4d4b6e69747238733165766a4a54416442384761437969686d79654e6c5064344d6f425342414151674141454951414442653834484c494b58534b5066534c492b6d497a36674f5a486c4a6f674141454951414143454c694a774b674377724a43672b6276766967694b72357944675276447158384d7059385874626a7a65644b5351684141414951674141455467524746627957334642395661352f636c4d612b486a4b642f6859424b3965655653663961564b62524341414151674141454976455667565048515576415334665564514a5938586753764c337471677741454941414243427943774b694331794b694e474a376a79476c675169763739437735764879774f484c6e396f67414145495141414377784d595666422b566b52304e59576351387570344d314e6157435668687971746a4b5774415a57613743787054514549414142434544673841524746627957434f3948524551464d682b743754636372436b6f442b786e4b6c65474141516741414549514341616756454672795669614257387044543465376b6c49713958483956762f636c5349775167414145495141414377776f48692b425638575152584b51302b413863617834766774652f4436675241684341414151674d43794255595544676a6565793172366a49654f6550324c7852434141415167414948644349776f65433352777654465078486533567a7772517462386e685a7157482f2f734943434541414168434151426743434634527a654731374d79473247726a336862422b3330527562654e4764514b4151684141414951674d426f4242433856344c58497259517647314767615550766945694832746a427256434141495167414145494441616752454662306c36676b5673735135736d3146416c4c304e563271464141516741414549484a374169494b335244685a3175316c576249327734592b614d4f56576945414151684141414b484a7a4369344c5645612f6c6f725a386855504b67306f2f31574149424345414141684341514c63456a693534553370435352704574353061314441697645453744724d68414145495141414376524d595566432b49694c335a494a5036516d5736434a72774762434e52617a39414566446872685568774345494141424342775a41496a436c374c42676136516f4f4b4a307430456248565a7352592b6f4138366a5a39514b3051674141454941434249516d4d4a6e67746d30356f68366232573851576772664e5543437470413158616f554142434141415167636e734352426539306554484c36335369693232476a615550654f686f307766554367454951414143454269537747694331794b61707274314556336333373074555859654f7662764c7979414141516741414549684345776d754331694b5a706c42444275372f4c576835576950447533313959414145495141414331776c6f53755748542f39392f76523945487736496a4361344c5749706d6d55454d473776314e61486c6149384f37665831674141516841414149694b6e5256512b6a6638324d306a52573676306672444976674a634c626c2b7557396c3166726341614345414141684134436f4763442b564830316c682b3361306a724473736c6236305271763039753465326e6674624747576945414151684141414b584365544f57364e70725a422b4d566f6e6c4c3457743579483447336a3670592b494b5768545239514b77516741414549354250495866642f4e4b32565436696a6b714e31677557312b4854484e4d7435694b3032446d7a7041783436327651427455494141684341514236426e48534756424d37744f5978625670714e4d467269524a4f52524e6971366d625a565675365473654f724b51556767434549414142426f52514463304174757132694d4c33716c6f516d793138724438657238724967396d466966436d776d4b59684341414151673049524162763675586e7a367a564154593668306e63435242652f304651504c6b7133375375735362347249327a4976516f5133457854464941414243454367435145435a5532777471763079494c3349354f466f52473837587773742b626335482b7444384762533556794549414142434451676f42464e307a315267746271444f447747694331794b61706d306e4679664457526f572b624b495047616f2f776b52656370516e714951674141454941414262774b356d6d4d307265584e635a503652757545584f6454754e4f3238327069453363376578464c76383337626c2f4c75546f454941414243427956514d3763526635754a3934786b7543314c4245792f2b6a4a386d7143355556386e6663505265524c6869706646354537444f5570436745495141414345476846594533306b733751697279785867547646544253476f794f3431683837575978767854704449377771516f4345494141424b6f4a4c4c306c3173446174636d33517455586f59493641694d4a586b7555646837684a6157687a6f394b7a37626d37684c644c53584e6552434141415167304a7141366841396e6b666f746b5a747233386b77567354706257495a56496137483632644959316c554872494c7272773535614941414243454141416f63694d4a4c67745552703578466569316847384e59506b524b782b374b49764c2f2b307451414151684141414951674d44524349776b654a38546b59637a4f33442b3157534e574d36384a4d556d42483471496e635a695a4434627752476351684141414951674141457267694d4a4867746f6e572b6355484e756669536a55424a6450633145586d6e37544b5568674145494141424345414141754d4a3370713042484a3474786b524a574a584c64733764316558764c746652443471496e654c794b7369386e305275656630742f354f663661704d6e726f7a395076706e395066352f4f3063673142775167414145495141414344516b634e634c4c4f72774e6e65704d3161566964382f6f7274723870496a637551477562346a4962534b43414e34414e706541414151674149466a4552684a3850376f4648334c3663463553674d52336878713557564b7865366530643258524f532b38695a586e306e4f636a56434b6f41414243414141516863455268463846703257644e327a3857454a523169486833476c7934547350624e744c5958524f53686a51466231775a756264376536527974323066394549414142434141676559455268473831676a69764e32576a39595176506c756165325865633162526a6e5631732b4c794f33357a6475303543686a64564e6f584177434549414142434177556f5458496c682f4c434c766d58572f5a556d7a65546f456e72524d6f445a5371682b427657736a754c5732626d536d344874626b6559364549414142434177464946526f6b5957776273556f6130396679696e6347684d6257525854646a7156623648725137495446567347666b3247555a68434541414168434151493845526847386c687a637053695a526641535a547676795a71762b305552656244433258565668732b4979464d566456684f66554e45627257633046465a684739486e59457045494141424344514c344652424b39467343364a42465a7071504e52722b57376e686152782b744d4d5a30644d627137314d4252787247703879674d415168414141495179435577796b543531376b4e586c69685155394638426f417a6f7036356239756c634b517a4b395a50614b635672737a50796369313970565438305167414145494143427541534f4b486958326f7a674c664e6872776a70316d4c58792b34796175334f517653325930764e45494141424341516d4d41496774636171567471733257564270596c75334c34507a3974743176722f6c766e6f64614b3364644635442f4f7467362b5330532b6439706d57486d6f54303633486b3762432b765039486a456964303539694f4d3631712f346e77495141414345494441577752476d426774677665635748336c4a47427958454e4679373035425163736f324c784534356962657649726e624a7a7772583276326c6950787867342f704e50396350357837324e6c66396d447233415371677741454941414243506751515044616f355866454a47502b654150553474586e7536307756742f6f4b6258726f6e756268474a62734635684445655a7142674b4151674141454939456c67684d6e51492f2f576f34342b65376a4d4b6f326166376a68712f65396f6f2b6c306430744e38485148724e38684a6e5477794f4d38357832556759434549414142434377534743456964437942752b356c4159453731583038344f6e6449583747343658766353754a66566c33767739624b367864366e3752686a7244643253716945414151684159475143493079436c6a56344562773365334f4c312b6a6e7873776561517a4a6c753857624969783953595953397938684b392b565066417944637a326759424345414141684134523241457757745a5965486370482b30434b2b4b714538312b4644716e4a2f744c52784c636e6633694f7065756c4e3543463932435751756741414549414342517849595166426149727a6e4a76796a43463676706352794238734c4a3247746b6655396a3738556b54734e42756a5359336359796d395a31434f2f64347350384c5a6b777255676b4574414878783170526c644b6c425852376c62524452485039326a394f65613070562b4e76312f576d70517a2f764161656c423365786c372f746262747370423446444578684238467079654d38747a472b7049396f36764e354c6965554f6d4a346970466152324a50745337777444336b6a7639334a3955584b485a654143747a6645354750697368394454486f764b447263657568596c6b502f646e7a434f4b47314b6b614167594349776865792b522f547178363147484133717a6f4e48716845636f486d313370664d56367339656f78314d37584876706b745a30426f314b5039534a375a664d7344796b49586f446443676d756848512b2b41586437722f6e57764579794a7979306b4d36774d315557473337715969434f51524f4a7267505a6653344a45486e456538767054657a50575976355a7275624a436a74583675753966647952306b383257644255394a397272666d7630657471583550546d65445a6c6569615148764c312f766562707a2f76364e6e676d57333658596e61725276623644325546496c416e596570735167635466436553326d77524868626977534e535037757959333042706a79786a5358545050474e4f657370365033722f38746b644133526554745063484e744b556d4e37753150326332675749514d4248512b2b546e4333644e4e46316f70384c52487278337773526c495a42505941544261346c776e62754a574b4b413530527a4476573031713257565347626a765268784e355232707732614a6d39563133497456504c5752356d6f71517a4c4c58664d67376d35343977483744344247586a4574423736474f4e383346376f6c4d7a332f5455446d7942774f34456f6b3930317157617a7258584567584d7551464e63326c5632477055397548646537764f4149336b3670396e677557666266557755306658353278457277394861756d50674172644a34327272665458696a714c6f732f586461336e62416855456f672b6743794339394c714370596f6f483538384f30543938685232687a5855594837625041766a5330504d394657344a6a336f5755387a4d386c7453466e5246426d44774a62626f367a522f73733134772b5a317661536c6b4975424b49506e67733062736c4d614d4351644d4964424f47336e4a6a58547661554a6d754d666b5645586e6363453750525333357262336e492b64775276546d554b4a4d46414c5756566169744b76557a75675035615874356a774956424f494c6e6774305473564d376f636a4b3575384473487967484c63524c4e7964576f7453376c4d3970794f5a626f2f5568527a744c3068756a336842782f7030774d416b52326c2f754a4d527244663747794d774c52423435467a4853477667747a656c314b7a424f4f3561466f744f674a6f7466546b3668724b77497164502f67744737745674654d644a326337306769745164624962414a676434466231707a566c4d4f64456b753364524163307231352b6c336d3441613743496a764c725037524c4c513946494556376c55357265774a4a49756435464f55384357776e6458346a492f35775972766644394432476a686e644d5333396250702f58553148792b6e506443376161315564424b2b6e3131485859516a304a48696e4b78766f6a55582f63506752694c53556d462b725253783533694e4f4a4b55356b443364477a7a3967627236493744466d72702f4a534c2f39665339686d66616c733562656f2f5249776c6c6e627630333630454d512b6b2f666b7746675567734e656b4e7431636f65574e49554158754a756f4835323965497051614f562f306548755a2b364e766c44686b564d61457061533141596d31533239394c6a584b6e306779795832756f6838657564376f417069466359716848567a6d2f74796a56386f4e3172615651554b546f57416a634457676c646657656c48593366617a4b5430416f45666e345274326f6c4e2f34363252753457485875305652724f4d533052765676664837627742363752463447664f65365770716b4b66795969743531534433712b48366249735056744a672b6966666b763167516930487043533546633636414f684c434a71644d6f3754533354432f32395a326a46553061334c4453492b66775472475735504d7975545a30544b6f577231555964473330707765344c3135364b45327244486d6d592b4343454467556752614356305775526e466235532b4e3045457161505847395a314a59394a48654168613378342b656737766c47624a362b4d5739776a664871613271415430396637624b6f3358705361667171796a7439503149563244524a71614e754a536b62337878703644455043597a4e4c6d44596a634735316d4871585647396a5238326e334746626b384e3549335a72614d4e724b46567636594c6f33667642303066535666776f47364a662b3035516b2f62302b434f7666756c62344c61666654364e362b727430766b6239394e2f7a6571626e5875743062573250364f3649596e644c2f2b526145446755415976675862703536314a68523932686a4368746a4b464344752b4e2f565353326d43355438547769725a57656f693546686171514e62764a333467497071757374645238715a686271756d4d497979472b52652f6342314958416f416a6b5457613833377a30363671684c652b33423275756135504465544e49613564556163753456586e3057745a364939386f3931755457594d4774685a3338637848356b7748544741707863426f45494a424c344e496b4676486d6e645075744c7142336e542f73346a38726d4554433561457953486356786c53476d37756a35496f377837437143395057725a476f355566465a47484978693759754d5748306156526e642f4a534c2f6c716a7541463547457943774534456c7761733370436348577a704d526537766e386c6c7377676938686c336374534b79354c53734179504b472b4655346d34725442515a3057377331744639457569753938576b582f5972716e5544414549484948412f4b623255755769324332596164524238345454523243367373487a4976496c77306f516c794b7a664d58666f74663671525042753977584a56466572616d56454f7248593835626f737a30712f6d2f373743365149543265753838574f4a7a756e48454852466759534d45494e413367545235395a4b2b4d503061655731354c712f494c494b3362782b74746336537733733051566353355433693272776a7676584b48566565447a6957653361796a355559636e754b6368434177455543656a4d726d6651387357726b3969734675566d576d796352587338656931575878552b305a5563546443586a33314d453965704e476f33557052622f695969387431636a4e374c4c713738746231753061626f4f37573974314559754177454944453567443847724b5170336e6461585849766958734a76696478647972306c776a75326b3176364e3548776d75416a6b4331357a547a79513847526f376e6e2f4e567250466854356b623273776a33426d794577464145746843384b666457397a58333342484845726d376c49746d71596456476d4b36767a574b2b5130522b566a4d70685a5a62586c3448505768514958755978312b773144556f63346e65516c5053345258563258516a54633449414142434c67516143563457346e6361614d746b2f516c6f6570566a30754855456b54416c624271305a34526257614e4b684270565a4758694b6f51564e4d56524c525863666c316463577766744445586e66756d6d5567414145494a42487746507770765674613949553871792b4b6d555271706453476977525870596c732f5251583257746775356f6f72636b7453483651384657482b762b516b542b6a346a6f386c71364e62436d644f6d6836563170752b483074323431724830784c614d2f5334662b547374716675747470334c7a65744b35656b37616872686d4e487231733058777375357a545939784c67516763424f42457347724e2b382f4f393173395561737151725431525732776d7752764b5130624e55722f56366e5a4d46377238685776315275744d7a365542435a7a396445354a48474864504c7a6f77716b6a575876575172654d38304c6752765934656a6567684134447742692b447435656164576d4f5a6e43394e7a42626854495133396d69792b457871715664304b774b356f3052355378352b637674503134335664634a3176643439416747356475614b54382b486d74787270756a3341376d4e6f527745494143424e514b35677265333130765769666d53614c463878652b39455074612f2f423758774a57763947726530373476713170553576316f534453413048614f4f4c424e756a6b57524835654b4f3657316137314f63713171383569336143437931376b626f684149474c424e594562323952336451596933425a6579574834443357494c454b4f7155545364545639715a6c624f6d3131735a58725430653537662b4d4f33566b7a6a30584958476f3933574f765265714964477146744570793366533054774b797466796b4d41416a73534f436434396258637679765944474b72706c68453674714e6b357677567233577a3357736f76646f71537757507232392f5a6c37576176304256303236372b4a794b636169634e2b526f75664a6151302b4c476b4a676841774568675366424757495055553654796d73336f4e414d554c7846425230706e735169546e75385832732f2f796a6c4358376f7a3541444470726f4a6c6e7474377739533154436f41414951324a62416b75434e4d4c466262707845654c663171536858733051785535754f45756d31504641716d783554506b6f65617337357271354d38352b43357566324e423548384b75656547494c42434267494242563844346e4967396e746e4e4e70466a45383170646d535a5272414d43316c7a565a484b50347334627032564d3943683476534b376d7262774c3578336950547571306a315764346348476d38526570446249564157414a524261396c516c364c3846727967534e4576384d36347736476c305235657852344c64425a324b794e735262326e6176544d374c3742474c587465737339316f45727974364b6f4d4142493467654e6569737062586244314e37486876505948534b4f384c49764a512f655737727345696548764b7439516332317372796661364f6b316c73376f3433654a58694e34757567776a4944414767616943317849705749764b57714c46612b4a35444b38345669744b4a754245614f5131656932766e335848785874336468754e374837425165772b336648714e44736a64726c38795867375168715243317771675141457a684e413846357475616d694f4f6459453838356456436d5077496c6b2f446f3053664c6736437932464f55654b5178454e5864626c79576a4c63392f5773374d6c774a4168426f52674442692b4274356c79424b69354e6252685a394a5977325575552f45784562692f304e7856662f34616f6269473973744e4b664b766e35652f4b4b484157424343774b59476f67746553643773576c62585552513776707536353663564b4a75466b344b695473545553743466672f624b49504662684b58795956674776346c53726236564c6a5a784756494754557945416754554355515776355858726d6b69313145554f37357048786635397a617678455833446b75366a5062384867352b4c7944734b3365355a317459744a4f647a57716e6f336550427971664631414942434f7847414d4572596f6e77726b574c642b74494c7578476f48515356674e476d346974676e65503152704b2b6b76502b534f5748484d624d3655566c66526475745a6f5932334b554e38323666454a45626c485250536a5550326a2f30372f31372f313049424f4f76526e39352f2b382b724b6c746654737672676c2b72572b75625853646449503965565544357773756e63396656654d4c56567933336f7a486e703532717a766e475a316c6e7157357748675a73495242573846704736466e577952486a586f735734324267456169626930563635576c6c734b55524b492f4b6b4d66517a5471332b6c5378766e55616b7676584230385655624334645532476f7639662f5477586a584a436d4d6b6b49707639722f537055566643706b4c79376e2b375a7a5249567a4872634b534b336e4d54314e635477627630787849576a436c347a46564779414141644b6b6c455156524c35476b744b76736a7777316d5454775034525130516b7146314254646c734b76645a645a524d6d57677439794830694d57486173746266593672663431727a6d745876374f557330677172523036566f7145596263336678744c5755306c344552727133656a47686e6777435278653831672b5674707a4d4d377150496f304a31457a4761746f6f4e32594c68793366676c6a653947682f4948596244356a433669332b5a524739656e2f2f38436e7971754a576f3458334664724961583052474f586532686656776131423849706f536b50757753444c4a54564f755a724a65425452323276616a32567a6a503872496e654e34355a4474635161654a67335072332b31705341644b5138324b4641305a6762434441663478416d416c45467279577963796e695a4b6e6e78794c7948684e64436f39436f4562306c72353237596d645a5a78736d665a6a456278376646445855782f32626f7448476c48766263512b58774949586c2b657739635756664236525a793836686e6555513765774e6f495648545261386d5633624b74434e3778426d624e772b56344e476a524a514a62706b2f5245774d5157424b38327177746f7a516c474c3069546c37316c4c534263324952714e336759457368364533574d6b36326e495151764e34397656393974654e7250387535386c34456448574c652f65364f4e654e522b436334453074306156663946582b6f3530317a5773433971716e4d7a7959303468416266517036697334793575514c522b574562794e4848324461765774695835494e6c30745959504c636f6d42434c77734975386671443030705447424e6345377633777645375a6c6f727330416663366b54667564716f764a464362327143583757554d5752434d6b4e49516c62326c6e336f756d396131565a47626c675072325635733635384165666e3939314658466c6f467278712f3553764c63374173517657537662314f3546303543636263524b416d30687452385062364a735479344a73364d584a7153635368534b70437846364c59544f434e30592f64574e6c6965424e78752b35573546463846364b38466f6d6369624b6274793243304e4b76797150754a617a31336a7a3772675377617332624a6c323464336d4b505568644f743753744d4a583578734c6178766d4e493277394e2f7079756c706468302b543056672b6432694e5079576c5a33664e5036763350362f377a7536626247365a7930786648534e615a31336a625a446e6c6137394a354f72655748416a65456d6f485071644738453678365154797a4962622f6e6c465a69305465512b5237514f376170644e4c306c78694368346533307774497a664a51654b47473376636943636a4e4c78384d3946354a47656a54546139735a70586c4e524f442b53774577694d416d37715469636938366c63354b77544839764f5a6361635451747275503548357732434d6d354549493368784a6c33694c674a58696e534c655952505951764553464744684c424b79696434767834643154466d473535594f687861357a5448687a552b38742b72626a53594e5171623969665130715a445736716363384771724355342b6a4373393675755531574e376149486a4c4f522f797a426143563047326e765338424b39585059643048687239466f466330647436584c5471456f757733504c424d4a643744706549447949353757706435715741322f5871366b4d66617732472b6f73494948694c73484653446f4657676a64645779632f50644954387a576e744163766f65705654773572796f784e494564385255786e30463772655a7a556645413439306a646d76626a5476656f736231644a48714f627453784f4c706649586848372b456432396461384a35726d6770687a573153415678795748494b576157686844446e6c424a59456d44716731345065365632315a7a58732b4456646e6d4b3373517066556854656f2b713464337a755a712b3841555275585644492f585639624f6e367a312f656943782b4f516c55346e7362396952475a66713957315368756b55365a3241447661637946544c6470546b30466b4742594b335a653952397a6b434f6948726b53626f794b517334714a6b50487577615346366b31313644394548394e3432345048675a716c6a793669753574682b525551657632426736556f7038797233386c6b4c2b364f556a5843764f557066444e664f3664507433734a583465612b5a6e704f5242374f3749314c4f59554d726b79494644733067536a6a704b586f5451357731496a67466d4c334e524835746f6838305a685734744876694e342b626e466562322f376141315764455867334d31624936692f4c534c7633744861532b4b58434f2b4f48634f6c443063676975424e4857504a41797a707a4b4e39394f5156535a327a316c5146585a64566f2b64664635476e536a726a6441366974774a6552366461786936724e4854556352464d79596c57654e7849616c6e4d6379417467706349627931397a6a3836675968526c363365574f6d397156617339653566507a304a557738376679456966377153716c427948612f2b4a744a6251742f7648415376483074716d684849456278366974664e784b4d44564d4261396d4f2f64414f4c46726e7934456364454c4153734478673972623032705950374c6e335579762f766374374d487864524435644763584e3465426836355a4c362b57303655686c4c4d76633055394838677948747062636f485879303964514b6a6f6a484a634572795679785a4e2f6d39375768366c506963674852455358686449747131553063665244774a497a332b4e7278693066324e4e32734a4658355a6836586d303677315a436432727a6678475233334559506e6f76716b6d7a6344446863465838556b52757957783162772f586d575a54624338434a594a336171766c615779764e71594a534b382f6e34517372303859584c3439754c5937553631762b6c7037374e6f73456436656f79346530542b724a2b68394936566b57632f746f627a6c4c646a5533682b4b795074326249426e58334d763271346a4c66313274467a3637587068304374354457534c6b2f614355694e526c6967316774657635334b6a526c372b365766354d577579694a3449623049386331497448684578596d6a702b385469365159357568624f71617a6e76425442723073593958544f3130546b45594e42456365546f586b55395362674b5369326647336f7a53476e50675a584471584c5a645248644d6d68427731566566716f346249556e524377694a35497773425445466b634a6c4c5531354c3270547a2f714c4d30414d382b6a755462466e2f737061776c6e5546745a6d376f70656543324e484b59665156714334316f333955354f69522f6736433567597a337853527430633076424f6264513350507a446b5a6b334e6275576a6e61414a59595a463945523845364b70545870593376683464567a7644394b57744b38653837665433504d6c782f376c6e75546c2f6466727351624d5642792f7739384d6168795a774e5944312b725550624a50757936706d4a3866393469492f686e6c673556532f7472506e7a68394f484b76694c7974744b4a542f714f757963797848344652636e687a43476f302b304f476a573179367377746f2f6555336a3763484548774a76366538302f50756571352f745a544f6375487357723379794c792f70346167433339453968613845364a57463654396b397932554a4e71722f743943735679694e734d3375754c314b36777438726a4f5365713164466749706d6a7630496a423768505566573833563453652f704b3351393941463672324d6b7761734d505557763172666e484c715854375334376f3945354735447854787747474252394970414c345056456b45616f652f30315a3947636c4b55574b504361536d75464358572f36642f61376d634d76704b56757656637a564b7055743936626c4c7933796c333276355a796451395470617a353069386f4d467537532b644233397479372f38336362766c37695358352f6a37654d7a39456d496d2b42564e7162652b583957675376726f6a7a6e744947626e6865376b657a7553614e35764f35376659735a333234764c51547136646431445551675634453778537052704d734730734d314230305a59464172336d42522b71736f305a3435333273776c39666f373533353837664d752f58496e683743714c6b644a46565a4b335632654e38756d5a7a44372b33506c532b4a694c76374d4677624968466f5063423676306b487174337346594a49486a3339774f4c36446c4b744d74624c4a583063767165344e47536b7a50507366523971724c3365575861644b765957735047536735726847372b7665574257732f65386f48503368724f364a5a4170427654644f5748543535653858634c4673506343434234335641575632524a61596934536b4d7047472b78564770484f6b2f5a663931355762435362793069696a37503445724539746636587333356d6a71582b39626b2f346e4933367935474f63656c30416b775476744a637345664e7a654861506c52346b59397478626c67394b6a747066616374317a596e7659516c477a337437535451376f756a7a6649434a32503639376b472f4570472f6b586c78646c664c424557786d776c3433685333354774354261496650656b543546324f367a42753264616a582b744945634d652b396f7141766959354b6f5850534f477058376839664252496e6a563571696972375339383335436e4f5635726f57336c302f6e575561706f5168454662795731327a7a6d36354f34476d747a62526b324643644f6c686a53476e5974304f74676a6671506155565a6233584b4d4d396f373570565a6961396345746f6d544b4d71726f3833794c794a6734503771734434626b37376136557832673371674473556277706d3474765945667743323661694b4364392f75734377494832565a7172324957696633566e627157784f722b4c552b2b4d78744c376c6d712f5a62367657614a33514a522f323463476d4a534973396f355731764b3356746b66564c4b503157386a32524855657979425a65695665652f4d4f32646d644750304c45644550442f3532706a3049336b78516a59705a386e665a4a43532f45314c4f3778376247532b4a305a795033627a45583752357833752b694e622b664b2b326c375245306e5875754e562b4363364177425742714150504d6b6957424b386c30704945563071465547343673632b334674594e473354314349346243656965352f3962524c347449732b634968795770593451765074366c45586b5248313976532f687133514866596a58512b386a6578357263344c46487936314931702b7237666f6a64622b566a35704356367843564772586a684976577333743134785741624a55704b3752544358524b326d53366a706a664b4948387a70302f696669736a6a43303645344f31315a4e316f3135644635444744715879775a6f42316f61696d624f6d52746862327154572f6c6b73504c7037434c2b49446b706667542f3237353762522b5237527269527a515475323144776a63415442757854687451686537315543306b637332685670792b42707846676e6c50542f39472b4e2b75535555574774455645746d3452322b762f632b66583357752b4c49764b6479532f547a393838525756544a4874715337704f736d762b6434726b6e687477334f52693349702b627467796d74654e62667255386a624b32344a7a656265656f6c64746a6a59506562592f5774753966637979426939762b377a704836792b7149504e496c69584972793145654b4475596c3763784738376b6a644b37524f36727875644f2b4347797263653757482b567868395938314f74486d49732f3252327637576c3961666d2b4a6d4564384932426851646e47424b494f4e4974675859725165717a79304c6872687134657764742f393172476d4c626d365450704b2f32334e4a364636587543337861526432396f2f7449536a787038384471697a5564653066656a5269367444773073536559313067356154375162544f6f6d6932426169764169655064316545762f52587a6c755339646e367654527a346374366a464569577274576375657231456e3972316c794c79763035705762714556355444692f2f52424a335664364c716c53682b504c7964555233496b744b77464f4731524b2f346d745a2f474c776b4976635a7134337171385a6d646c4863476e6c3558555475364d4c793478706837624e61556e4e7835695836356e5a46476664573858614a66355132312f71515a59337676784b5266387736787258496a33312b3149466c4562784c4556354c394d72376f37566a6539785636313870574834707171394737472b72654470615a4b726e50725832585731627069747a6549712b694d4c586b2f30524169325765586a7144387746746150326f4f6448645a7a616c41524c4e414c42367a38344c413873334f6a382b612f562b46305265584374304f6e33507847527635565a6c6d4c62456967645a79565754756353792f33566371326c3449586c2f4b334b6572562f644e46624b6e693148364e716c3631386b4f737345496a714e445743312f6f555476544b662b68592b79425a454e56662f516d327264457959664e41324c597676477050483566706b6f4b2f4b534c763961703455733938664a616b4c7557594665552b5543506f456f6552525738746e79682b6b4f50546c4e6d4151465348715247386c767a644e30546b3967333634596958734969717843644b6843647966317046436b7346786533746b6a47343174716c4f61584664614949775670527037796a7448584e4e2b612f72325554566239594f5648656955425568366b52764a5a426474546c59707a63613757616b6f6b7771732b7577746935674f5a6650696b6964787274344132494556686e7862337a62732b4e7a354b78766f5a4b313337576a5173306a376a6e773650744934706579317938314c386a4d756e5a6a385062466c5538574b4b30383165756c6b4747344733763474624a494b72507469645a666f556130554e2f6c48507636557a724f4c786b2b354a506c4b597857526a3165722f326176746f62376773637a4743317a49534b4c7449494f706b5a666b59597935344c65654f646f5070635268596f765671507a74362b665a696a646839545554653657734f7465314d6f46614571506d58356856505958304a5659397648727a61486e58656e7665585a533565366d752b48396a355a684874386c45486a6958434f786574466f48464b354e74504e6f36455554313232316f356c2b6c52757a7156586f5546666d74702b51354172555279625641516133517366536369694c396338317955734f79745779546153504d545a5a35664b6c4c656f336f4e33516671713468454655345741624b2f436b517756766a4d57334f745172657453685347797648712f576e49714a66375a6363624356635169334f4f5458434c4665496c497a37476f493950614456506d794f63412b73665a75513632633150734f35417847494b6e677441345549627779484c5a6e38526f6879374e55374e525075576c714a69715650694d6a39703859393231474562532f65505639582b307637366f4d69637265495046787072465749614142446a3938722b476979784e52653572326168347255376c3761557449506c6e6c38715836726e35585979446b444559673657437976784f59523370726f3845426433313154536753764e674c52612b2f4b4c347649592f6254666e334771794c79726f567a5655442f79394d6d464a66754b7a6f65767a3852773171662f762b653036746e2f56762f70444c36657a333076506d52797572796762644e796b7a725350562b5345512b634b6f337036367054587264564b65654f362f2f6b6e314a394773377074656431704775746352672b6a4f7461346c48716b7533642f343746396f3462596379302b3239725674383537684e725241707652666b324a624b724b5664574f71714b5673726571504f34636f4d7756766a4f5a78724a68423173466745372f7a475a6a6d587048697a537857665548506a6a2b7248786241715476796169447853636637307462434b334d2b7a566e55467a544650725257385371586d666d436871757449363850536e6b756231625931367632765676437942726a4630796b62646e752b6d6a7a63357779763748714a41687a46565773694f2b6e446c4b586f335648345857716e526e582f6d596a6357676844563254346a4967386454712f4a6957693041524f43304c413637363568342b70384e336a486c496a65714d4b7631724232314e4f647043686557777a6f7a345a316768657979416a777276392b4b675276636e617148376467725a4846505a4645666d746d5845314837793161436431396b5041577a523633424f73644c7a626b485039477447723955653737316e6d3469562b3064716234774f5561556767717350554346374c7a644d7255744777433465723274492f6c78705062712b49645a7667637a7a6e6b2f38656b62666848483351427230754970704c3748335569734653657a7a534d797a58726d316e70446e644d6f2f504766354b52473678674b55734243494e6a6d6c765751624b565068594a2b6f396e764c78536845763061736641326d552f744744516133354b47324f61756b6a4e5573652f4d4851483736355737786d56762f546a2b357156354f7764745957625573323164774449383372706533386f5969387a3971426c443832675567447730507757695a7176614865666d7a33324b33317456474f4a634f50385044696b6234775a376330795676473057354f784955334a36444c7a33313838367657662b31764e546d744e4e4c3651627055444561613130766247445676326570726c48636b45476c6762433134743336563564697477315256656a4f38424343717a363931716d6455563638312f306874656e33726d354931322f6c3962414b586647584c6c756d6250333159316a39624853322f3836675a5a3148756335613374644d2b33544c6176705576635a3347424b494d696a6b477979435a706a52593175416c663765783832565733304c306a7044716b44594c2b476944563773356b626f572f5a4c70456854626d59432b2f66714269487862524a375a615657444e515331792b2b7431622f302b785a766b557248576153357661534e6b647058346b756330344241564b63704662796c357a56415435575a4246716b4e30777672513945756e442f6446482f6178314f346b6e672f723649504a6a4a727153595a6376676b6f6d717843624f32592f416d794c793330586b5a36634e4c586f56754f63493765476a2b72706464367a542f4865503958314c3278426c6672653237356369386f3739686752586a6b6f67796f435938375645617165766e4243385554335637304d324334473048756365416e6772675a7434364e66316e3536737335764c7954705a35645a4c7565304a614f52576666374849764958426236777663563556327a39304a786a525533307439542b53504f37355435434f6b4f4f7831486d4a674b5242735455654d74484d776a656352792f4a71664e67344c6d6464386c497072756f7366534e72684c57382b6d72574f6e66366549386e514c58543158743844642b75767a6e4253474e5834364a72564e61574d4c466441766e486178537531576473705175656d2f39556a2f317a4c36527966334a563736732f6d52636a565476616e4d7649355537377a63744c353558576c3734336d645578766e2f3836315438756c3638336276635467334d2f53396161324a365a4c764b625854537a305a794f4a3230742b57696f6331337a66386e736445326e375a38754464496e746b644c796374763338394d3978634b63736844344e59476f6774657957397230347a4d6976474d34766955614d45614c323753696c342b4e3272534f576946776e734265533573745761515075756b426350353754597449443858364f33326f7a44306943643755707256374f394864334e366e334530456f677065533452334f75677451726e6c313765346f672b4232703136664b794956387450524f53666470696e4849386b466f394149446536474b327455656577705630635666687252447874625236744c37433341774a524257397044753872703965704f656a31716672656e494b55325a3341576c526764774d374d5943496269636467526c644568684e2b455a66576c4d4457337038486148623558674a5a315255775673613462564542466e594f70593757394a565972584d78317150504630665336674641763054734d77567662596d757544746c5374324253555156664261784d31304856364c554a36654637523744326b32306434627535315867596363426a54616959426c726e4736704673314247336355464c524341534f4a6e67745971686d475a6b5266434e36477977504e394862756d532f4c693331525634466a74693174476b48417061355977667a46692f4a4231363939415232644545677175417479654731356d64465a644f465933566b68455a6f486a462b336479522b575a54694f69616b584543424c494a704c785358624e34362b5544733430384657514f73784b6a2f4e41456f673449532f517572644a674562785276323464326c6b644768637853725057624a31342f3465492f4165697557756f2b44304533416c593568583369312b6f554e6642766d504c433349744350524f494b72674c566c657a4a4b4c6865447433585072374574526d756d692f326e782f72716132352b4e774733506d4374416f495341336c66536d726d5739584a4c7272563244756b4d613454342f654549524257386c755846307065714a576b5168334d494769784a444f7443384a6f65734c6351527544696c42434953574376364f2f5449764a345447525944594632424b494b33704b55427373794d367a423238376e497461734535652b496444745a6c38556b652b63476a4864776e6136626532353758485464725670613933704e727636373751647250372b4b4e753952765148624961416c55434b2f75713951522b6b573053414e5933683036513257627547386b6368454658776c71516e5741517679376b635a5154515467684141414c3745456750306e72316331734c54782b4b7a316d705a5a3568353852394f7047727869455156664261587856704f7930696d545634342f67776c6b494141684341414151674149474c424b494b586d325535597437625363357641774743454141416843414141516763454143527847384772485671484475423068704b624d447567524e686741454941414243454141416d4d52694378347255755436564a6a4b6e787a446c4961636968524267495167414145494141424341516745466e775770596d30362f665666422b4d724e505749633345785446494141424345414141684341514f38454967746579366f4c4c34764944306870364e306473513843454941414243414141516a3445346773654332724c69673554564d67706348666836675241684341414151674141454964453067737543314c6b326d48364b52307443314f3249634243414141516841414149513843635157664171446376535a4438526b58646e496d5356686b785146494d41424341414151684141414b394534677565433135764a612b515042616146455741684341414151674141454964457741776276634f552b7748336e48586f74704549414142434141415168417745416775754331374a356d77434c5275566a61536c6b495141414345494141424341774e494552684a306c6a7a656e4d3938556b62666e464b514d4243414141516841414149516745442f424243384e2f66524430586b6666313348525a43414149516741414549414142434f51514745487765716331384d46616a756451426749516741414549414142434151684d494c67395636704163456278486b78457749516741414549414142434f51515150446554496b56476e4938687a495167414145494141424345416743494552424f38335255523358664d36526d446978594a36494141424345414141684341514867436f3467377235556133684352323850334b6732414141516741414549514141434548694c41494c33526d6434576b5165787a3867414145495141414345494141424d59684d49726739667077625251653433676f4c594541424341414151684141414b5642455953654c5670446438546b516371655849364243414141516841414149516745426e42424338317a766b2b794a7962326639677a6b516741414549414142434541414170554552684b3874527451494867726e596e544951414243454141416843415149384552684b387972636d7265454645586d6f783037434a676841414149516741414549414342636749493375767332484369334938344577495167414145494141424348524c594454422b34714933464e49657a5157685267344451495167414145494141424349784659445352563772723270736938766178757062575141414345494141424341414151676f6764454572323478724b4c5865724468684a55593553454141516841414149516745415141714d4a587356752f584474645247354930682f59535945494141424345414141684341674a484169494c584b6e7235574d336f4e4253484141516741414549514141436b51694d4b6e687a524f39724976495a45586b71556f64684b7751674141454951414143454943416a634449676a6552304a786558626c42503078546b6174624344386a49742b796f61493042434141415168414141495167454245416b635176424837425a7368414145495141414345494141424a7749494869645146494e42434141415168414141495167454366424243386666594c566b45414168434141415167414145494f4246413844714270426f495141414345494141424341416754344a49486a373742657367674145494141424345414141684277496f446764514a4a4e52434141415167414145495141414366524a413850625a4c316746415168414141495167414145494f4245414d4872424a4a71494141424345414141684341414154364a49446737624e6673416f4345494141424341414151684177496b416774634a4a4e56414141495167414145494141424350524a414d48625a373967465151674141454951414143454943414577454572784e49716f4541424341414151684141414951364a4d4167726650667345714345414141684341414151674141456e416768654a354255417745495141414345494141424344514a77454562352f39676c5551674141454941414243454141416b3445454c784f494b6b47416843414141516741414549514b425041676a6550767346717941414151684141414951674141456e416767654a314155673045494141424345414141684341514a3845454c78393967745751514143454941414243414141516734455544774f6f476b4767684141414951674141454941434250676b67655076734636794341415167414145495141414345484169674f4231416b6b3145494141424341414151684141414a3945766a2f4b45544a7779763874557741414141415355564f524b35435949493d),
(79, 1077, '2023-05-28', NULL, NULL);

-- --------------------------------------------------------

--
-- Struttura della tabella `classi`
--

CREATE TABLE `classi` (
  `id` int(11) NOT NULL,
  `nome` varchar(6) NOT NULL,
  `materie` longtext CHARACTER SET utf8mb4 COLLATE utf8mb4_bin NOT NULL
) ENGINE=InnoDB DEFAULT CHARSET=utf8mb4 COLLATE=utf8mb4_general_ci;

--
-- Dump dei dati per la tabella `classi`
--

INSERT INTO `classi` (`id`, `nome`, `materie`) VALUES
(1, '1A INF', '[1, 2, 3, 4, 5, 6, 11, 12, 13, 14]'),
(2, '1B INF', '[1, 2, 3, 4, 5, 6, 11, 12, 13, 14]'),
(3, '1C INF', '[1, 2, 3, 4, 5, 6, 11, 12, 13, 14]'),
(4, '1D INF', '[1, 2, 3, 4, 5, 6, 11, 12, 13, 14]'),
(5, '1E INF', '[1, 2, 3, 4, 5, 6, 11, 12, 13, 14]'),
(6, '2A INF', '[1, 2, 3, 4, 5, 6, 11, 12, 13, 14]'),
(7, '2B INF', '[1, 2, 3, 4, 5, 6, 11, 12, 13, 14]'),
(8, '2C INF', '[1, 2, 3, 4, 5, 6, 11, 12, 13, 14]'),
(9, '2D INF', '[1, 2, 3, 4, 5, 6, 11, 12, 13, 14]'),
(10, '2E INF', '[1, 2, 3, 4, 5, 6, 11, 12, 13, 14]'),
(11, '3A INF', '[1, 2, 3, 4, 5, 6, 21, 22, 23, 24]'),
(12, '3B INF', '[1, 2, 3, 4, 5, 6, 21, 22, 23, 24]'),
(13, '3D INF', '[1, 2, 3, 4, 5, 6, 21, 22, 23, 24]'),
(14, '3C INF', '[1, 2, 3, 4, 5, 6, 21, 22, 23, 24]'),
(15, '3E INF', '[1, 2, 3, 4, 5, 6, 21, 22, 23, 24]'),
(16, '4A INF', '[1, 2, 3, 4, 5, 6, 21, 22, 23, 24]'),
(17, '4B INF', '[1, 2, 3, 4, 5, 6, 21, 22, 23, 24]'),
(18, '4C INF', '[1, 2, 3, 4, 5, 6, 21, 22, 23, 24]'),
(19, '4D INF', '[1, 2, 3, 4, 5, 6, 21, 22, 23, 24]'),
(20, '4E INF', '[1, 2, 3, 4, 5, 6, 21, 22, 23, 24]'),
(21, '5A INF', '[1, 2, 3, 4, 5, 6, 21, 22, 23, 25]'),
(22, '5B INF', '[1, 2, 3, 4, 5, 6, 21, 22, 23, 25]'),
(23, '5C INF', '[1, 2, 3, 4, 5, 6, 21, 22, 23, 25]'),
(24, '5D INF', '[1, 2, 3, 4, 5, 6, 21, 22, 23, 25]'),
(25, '5E INF', '[1, 2, 3, 4, 5, 6, 21, 22, 23, 25]');

-- --------------------------------------------------------

--
-- Struttura della tabella `colloqui`
--

CREATE TABLE `colloqui` (
  `id` int(11) NOT NULL,
  `nome` varchar(255) DEFAULT NULL,
  `cognome` varchar(255) DEFAULT NULL,
  `matricola` int(11) NOT NULL,
  `ora` datetime(6) NOT NULL DEFAULT current_timestamp(6),
  `docente` varchar(255) NOT NULL
) ENGINE=InnoDB DEFAULT CHARSET=utf8mb4 COLLATE=utf8mb4_general_ci;

--
-- Dump dei dati per la tabella `colloqui`
--

INSERT INTO `colloqui` (`id`, `nome`, `cognome`, `matricola`, `ora`, `docente`) VALUES
(1019, 'mario', 'rossi', 1001, '2023-11-24 14:50:00.000000', 'oscar cambieri'),
(1020, 'mario', 'rossi', 1001, '2023-11-23 14:50:00.000000', 'alberto barbero'),
(1021, 'mario', 'rossi', 1001, '2023-09-12 11:50:00.000000', 'alberto barbero'),
(1022, 'manlio', 'rossi', 1002, '2024-05-22 15:20:00.000000', 'nicoletta boaglio'),
(1023, 'mario', 'rossi', 1001, '2023-05-23 14:50:00.000000', 'sonia miglio'),
(1024, 'mario', 'rossi', 1001, '2023-06-10 10:10:00.000000', 'debora servetti'),
(1025, 'davide', 'garzino', 1081, '2023-06-15 16:00:00.000000', 'sonia miglio'),
(1026, 'simone', 'verdi', 1006, '2023-05-25 12:40:00.000000', 'roberto mana'),
(1028, 'mario', 'rossi', 1001, '2023-06-09 15:50:00.000000', 'francesco vaschetto'),
(1029, 'edoardo', 'pizzorno', 1022, '2023-05-29 12:50:00.000000', 'francesco vaschetto');

-- --------------------------------------------------------

--
-- Struttura della tabella `materie`
--

CREATE TABLE `materie` (
  `id` int(11) NOT NULL,
  `materia` varchar(24) NOT NULL
) ENGINE=InnoDB DEFAULT CHARSET=utf8mb4 COLLATE=utf8mb4_general_ci;

--
-- Dump dei dati per la tabella `materie`
--

INSERT INTO `materie` (`id`, `materia`) VALUES
(1, 'Lingua e Letteratura Ita'),
(2, 'Storia'),
(3, 'Inglese'),
(4, 'Matematica'),
(5, 'Educazione Fisica'),
(6, 'Religione'),
(11, 'Tecnologie Informatiche'),
(12, 'Fisica'),
(13, 'Chimica'),
(14, 'Disegno'),
(21, 'Informatica'),
(22, 'Sistemi e Reti'),
(23, 'Tecnologie'),
(24, 'Telecomunicazioni'),
(25, 'Gestione Progetto');

-- --------------------------------------------------------

--
-- Struttura della tabella `messaggi`
--

CREATE TABLE `messaggi` (
  `id` int(11) NOT NULL,
  `oggetto` varchar(255) NOT NULL,
  `testo` varchar(255) NOT NULL,
  `orario` datetime(6) NOT NULL DEFAULT current_timestamp(6),
  `mittente` varchar(255) NOT NULL,
  `destinatario` varchar(255) DEFAULT NULL,
  `visualizzato` tinyint(1) NOT NULL DEFAULT 0
) ENGINE=InnoDB DEFAULT CHARSET=utf8mb4 COLLATE=utf8mb4_general_ci;

--
-- Dump dei dati per la tabella `messaggi`
--

INSERT INTO `messaggi` (`id`, `oggetto`, `testo`, `orario`, `mittente`, `destinatario`, `visualizzato`) VALUES
(9, 'Importante', 'Portare libro di Italiano domani', '2023-05-21 18:58:26.877989', 'docente', '1C INF', 0),
(10, 'Lezione di domani', 'Non portare il materiale', '2023-05-21 19:00:44.833731', 'docente', '1C INF', 0),
(11, 'Lezione di domani', 'Non portare il libro, faremo ed. civica', '2023-05-21 19:06:20.191389', 'docente', '1D INF', 0),
(12, 'Palestra', 'Domani saremo in comunale', '2023-05-21 19:09:41.676669', 'docente', '1B INF', 1),
(13, 'Interrogazioni', 'Le interrogazioni inizieranno il 25/05.', '2023-05-21 19:11:40.119128', 'docente', '1B INF', 1),
(14, 'Sostituzione', 'Domani sarò in gita con le terze.', '2023-05-21 19:12:14.881957', 'docente', '1B INF', 0),
(17, 'Sostituzione', 'Domani sarò in gita con le terze', '2023-05-21 19:13:45.962317', 'docente', '2A INF', 0),
(21, 'Compito', 'Per domani non c\'è compito', '2023-05-21 19:16:15.279059', 'docente', '2B INF', 0),
(23, 'Compito', 'Es2 pg 184', '2023-05-21 19:17:33.133416', 'docente', '2D INF', 0),
(24, 'Importante', 'Domani portatevi il vostro computer', '2023-05-21 19:21:02.615623', 'docente', '5B INF', 0),
(26, 'Domani interrogazioni', 'Preparatevi sugli ultimi argomenti spiegati in classe.', '2023-05-21 19:22:11.995044', 'docente', '4B INF', 0),
(30, 'Workbook', 'Fate esercizi pagina 190', '2023-05-21 19:23:35.230232', 'docente', '1A INF', 0),
(32, 'Film', 'Non portare i libri, domani guarderemo un film', '2023-05-21 19:26:11.362929', 'docente', '1A INF', 0),
(34, 'Progetto', 'Domani consegna del progetto', '2023-05-21 19:36:06.068143', 'docente', '4E INF', 0),
(44, 'Test di Cooper', 'Settimana prossima faremo il test di Cooper', '2023-05-21 20:07:49.431030', 'docente', '3B INF', 0),
(48, 'Interrogazioni', 'Prossimo Lunedì inizierò ad interrogare ', '2023-05-21 20:18:06.656364', 'docente', '1D INF', 0),
(49, 'Gita', 'Giovedì prossimo saremo in gita, portatevi uno zaino con il cibo.', '2023-05-21 21:03:00.562524', 'docente', '1D INF', 0),
(50, 'Film', 'Domani guarderemo un film, non portate i libri', '2023-05-21 21:03:55.455786', 'docente', '4B INF', 0),
(56, 'Sostituzione', 'Domani non sarò presente', '2023-05-21 21:05:28.977946', 'docente', '5D INF', 0),
(58, 'Palestra', 'Domani saremo in comunale', '2023-05-21 21:13:34.852485', 'docente', '2A INF', 0),
(59, 'Domani interrogazioni', 'Vi comunico che domani interrogherò di Storia', '2023-05-21 21:31:45.986138', 'boaglio', '1B INF', 0),
(62, 'Incontro con scrittrice', 'Vi comunico che il 31/05 ci sarà un incontro con una scrittrice.', '2023-05-21 21:40:41.827546', 'barbero', '1D INF', 0),
(66, 'Gita', 'Domani gita Firenze', '2023-05-21 21:43:39.171853', 'barbero', '2D INF', 0),
(67, 'Nota', 'Oggi non vi siete comportati bene in classe', '2023-05-21 21:44:26.063305', 'miglio', '4B INF', 0),
(68, 'Verifica', 'Ricordatevi che mercoledì c\'è la verifica sull\'ultimo capitolo', '2023-05-21 21:45:06.732397', 'miglio', '5D INF', 0),
(69, 'Gita', 'Gita alle carceri', '2023-05-21 21:46:09.509016', 'miglio', '3B INF', 0),
(70, 'gita', 'Domani saremo in gita alle carceri di Fossano', '2023-05-21 21:53:43.601836', 'boaglio', '1B INF', 0),
(71, 'Nota', 'Oggi l\'alunno non si è comportato adeguatamente', '2023-05-21 22:29:40.375811', 'boaglio', 'rossi-1001', 1),
(72, 'Nota', 'L\'alunno ha lanciato una palla in classe', '2023-05-21 22:31:47.815593', 'cambieri', 'migo', 0),
(73, 'Nota', 'L\'alunno ha bestemmiato durante la lezione', '2023-05-21 22:32:57.424542', 'mana', 'lazza', 0),
(74, 'Gita', 'Domani gita ', '2023-05-21 22:34:26.441594', 'mana', '5E INF', 0),
(77, 'Verifica', 'La verifica di recupero la svolgerai domani', '2023-05-21 22:38:30.705746', 'mana', 'rossi-1001', 1),
(78, 'Consegna progetto', 'Il progetto sarà da consegnare entro il 30/05', '2023-05-21 22:49:06.774968', 'mana', '1B INF', 1),
(80, 'Consegna progetto', 'Il progetto sarà da consegnare entro il 30/05', '2023-05-21 22:53:42.232677', 'mana', '4B INF', 1),
(81, 'Gita', 'Prossima settimana andremo in gita a Roma', '2023-05-22 14:07:21.295769', 'servetti', 'sasso-1008', 0),
(84, 'Palestra', 'Domani saremo in comunale', '2023-05-23 22:08:25.443525', 'miglio', 'marra-1009', 0),
(85, 'Prove di Matematica', 'Vi comunico che giovedì 7/05 faremo le prove comuni di matematica', '2023-05-26 23:52:55.867088', 'servetti', '4B INF', 0),
(86, 'Interrogazione di domani', 'Ti confermo che domani ti interrogherò sull\'ultimo argomento', '2023-05-27 10:14:50.387311', 'servetti', 'rossi-1001', 1),
(87, 'Gita ', 'Prossima settimana saremo in gita alle carceri di Fossano', '2023-05-27 10:38:21.505499', 'boaglio', '4B INF', 0),
(88, 'Palestra', 'Domani saremo al palazzetto', '2023-05-27 22:15:30.511593', 'docente', 'rossi-1001', 0);

-- --------------------------------------------------------

--
-- Struttura della tabella `studenti`
--

CREATE TABLE `studenti` (
  `matricola` int(11) NOT NULL,
  `cognome` varchar(30) NOT NULL,
  `nome` varchar(30) NOT NULL,
  `user` varchar(20) NOT NULL,
  `pass` varchar(32) NOT NULL DEFAULT '5f4dcc3b5aa765d61d8327deb882cf99',
  `classe` varchar(6) NOT NULL,
  `residenza` varchar(30) NOT NULL,
  `indrizzo` varchar(40) NOT NULL,
  `immagine` varchar(30) NOT NULL DEFAULT 'user.jpg',
  `docente` tinyint(1) NOT NULL DEFAULT 0
) ENGINE=InnoDB DEFAULT CHARSET=utf8mb4 COLLATE=utf8mb4_general_ci;

--
-- Dump dei dati per la tabella `studenti`
--

INSERT INTO `studenti` (`matricola`, `cognome`, `nome`, `user`, `pass`, `classe`, `residenza`, `indrizzo`, `immagine`, `docente`) VALUES
(1000, 'docente', 'docente', 'docente', '5f4dcc3b5aa765d61d8327deb882cf99', '', 'Fossano', 'Via Roma, 13', 'user.jpg', 1),
(1001, 'rossi', 'mario', 'rossi-1001', '5f4dcc3b5aa765d61d8327deb882cf99', '1B INF', 'Torino', 'Via Roma, 14', 'user.jpg', 0),
(1002, 'rossi', 'manlio', 'rossi-1002', '5f4dcc3b5aa765d61d8327deb882cf99', '2B INF', 'Fossano', 'Via Roma, 13', 'user.jpg', 0),
(1003, 'rossi', 'sergio', 'rossi-1003', '5f4dcc3b5aa765d61d8327deb882cf99', '3B INF', 'Fossano', 'Via Roma, 13', 'user.jpg', 0),
(1004, 'rossi', 'stella', 'rossi-1004', '5f4dcc3b5aa765d61d8327deb882cf99', '4B INF', 'Fossano', 'Via Roma, 13', 'user.jpg', 0),
(1005, 'rossi', 'fulvio', 'rossi-1005', '5f4dcc3b5aa765d61d8327deb882cf99', '5B INF', 'Fossano', 'Via Roma, 13', 'user.jpg', 0),
(1006, 'verdi', 'simone', 'verdi-1006', '5f4dcc3b5aa765d61d8327deb882cf99', '4B INF', 'Fossano', 'Via Roma, 13', 'user.jpg', 0),
(1007, 'carli', 'elia', 'carli-1007', '5f4dcc3b5aa765d61d8327deb882cf99', '4B INF', 'Fossano', 'Via Roma, 13', 'user.jpg', 0),
(1008, 'sasso', 'piero', 'sasso-1008', '5f4dcc3b5aa765d61d8327deb882cf99', '4B INF', 'Fossano', 'Via Roma, 13', 'user.jpg', 0),
(1009, 'marra', 'marina', 'marra-1009', '5f4dcc3b5aa765d61d8327deb882cf99', '4B INF', 'Fossano', 'Via Roma, 13', 'user.jpg', 0),
(1010, 'morra', 'paola', 'morra-1010', '5f4dcc3b5aa765d61d8327deb882cf99', '4B INF', 'Fossano', 'Via Roma, 13', 'user.jpg', 0),
(1011, 'senna', 'andrea', 'senna-1011', '5f4dcc3b5aa765d61d8327deb882cf99', '4B INF', 'Fossano', 'Via Roma, 13', 'user.jpg', 0),
(1012, 'curti', 'marco', 'curti-1012', '5f4dcc3b5aa765d61d8327deb882cf99', '4B INF', 'Fossano', 'Via Roma, 13', 'user.jpg', 0),
(1013, 'valle', 'anna', 'valle-1013', '5f4dcc3b5aa765d61d8327deb882cf99', '4B INF', 'Fossano', 'Via Roma, 13', 'user.jpg', 0),
(1014, 'prato', 'cinzia', 'prato-1014', '5f4dcc3b5aa765d61d8327deb882cf99', '4B INF', 'Fossano', 'Via Roma, 13', 'user.jpg', 0),
(1015, 'perla', 'irma', 'perla-1015', '5f4dcc3b5aa765d61d8327deb882cf99', '4B INF', 'Fossano', 'Via Roma, 13', 'user.jpg', 0),
(1016, 'festa', 'romano', 'festa-1016', '5f4dcc3b5aa765d61d8327deb882cf99', '4B INF', 'Fossano', 'Via Roma, 13', 'user.jpg', 0),
(1017, 'mollo', 'danilo', 'mollo-1017', '5f4dcc3b5aa765d61d8327deb882cf99', '4B INF', 'Fossano', 'Via Roma, 13', 'user.jpg', 0),
(1018, 'tosco', 'stelvio', 'tosco-1018', '5f4dcc3b5aa765d61d8327deb882cf99', '4B INF', 'Fossano', 'Via Roma, 13', 'user.jpg', 0),
(1019, 'racca', 'elena', 'racca-1019', '5f4dcc3b5aa765d61d8327deb882cf99', '4B INF', 'Fossano', 'Via Roma, 13', 'user.jpg', 0),
(1020, 'russo', 'flavio', 'russo-1020', '5f4dcc3b5aa765d61d8327deb882cf99', '4B INF', 'Fossano', 'Via Roma, 13', 'user.jpg', 0),
(1022, 'pizzorno', 'edoardo', 'edopiz', '5f4dcc3b5aa765d61d8327deb882cf99', '4B INF', 'Santa Vittoria d\'Alba', 'indirizzo', 'user.jpg', 0),
(1023, 'mana', 'roberto', 'mana', '5f4dcc3b5aa765d61d8327deb882cf99', '', 'Firenze', 'Via Carlo, 19', 'user.jpg', 1),
(1024, 'cambieri', 'oscar', 'cambieri', '5f4dcc3b5aa765d61d8327deb882cf99', '', 'Fossano', 'indirizzo', 'user.jpg', 1),
(1025, 'migori', 'andrea', 'migo', '5f4dcc3b5aa765d61d8327deb882cf99', '2C INF', 'Sommariva Bosco', 'indirizzo', 'user.jpg', 0),
(1026, 'boaglio', 'nicoletta', 'boaglio', '5f4dcc3b5aa765d61d8327deb882cf99', '', 'Savigliano', 'indirizzo', 'user.jpg', 1),
(1077, 'lazzarino', 'paolo', 'lazza', '5f4dcc3b5aa765d61d8327deb882cf99', '4C INF', 'Monteu', 'indirizzo', 'user.jpg', 0),
(1078, 'servetti', 'debora', 'servetti', '5f4dcc3b5aa765d61d8327deb882cf99', '', 'Fossano', 'indirizzo', 'user.jpg', 1),
(1079, 'barbero', 'alberto', 'barbero', '5f4dcc3b5aa765d61d8327deb882cf99', '', 'Mondovì', 'indirizzo', 'user.jpg', 1),
(1080, 'miglio', 'sonia', 'miglio', '5f4dcc3b5aa765d61d8327deb882cf99', '', 'Fossano', 'Via Roma, 13', 'user.jpg', 1),
(1081, 'garzino', 'davide', 'garzi05', '5f4dcc3b5aa765d61d8327deb882cf99', '5E INF', 'Paesana', 'indirizzo', 'user.jpg', 0),
(1083, 'vaschetto', 'francesco', 'vaschetto', '5f4dcc3b5aa765d61d8327deb882cf99', '', 'Savigliano', 'indirizzo', 'user.jpg', 1),
(1084, 'ponzone', 'luca', 'ponzone', '5f4dcc3b5aa765d61d8327deb882cf99', '1A INF', 'Sommariva Bosco', 'indirizzo', 'user.jpg', 0),
(1085, 'paschetta', 'marco', 'paschetta', '5b2a6a7e67638c3dd99fc3c44112136e', '', 'Bari', 'indirizzo', 'user.jpg', 1);

-- --------------------------------------------------------

--
-- Struttura della tabella `voti`
--

CREATE TABLE `voti` (
  `id` int(11) NOT NULL,
  `matricola` int(11) NOT NULL,
  `data` date NOT NULL DEFAULT current_timestamp(),
  `materia` int(11) NOT NULL DEFAULT 0,
  `voto` float NOT NULL,
  `docente` int(11) NOT NULL DEFAULT 1000
) ENGINE=InnoDB DEFAULT CHARSET=utf8mb4 COLLATE=utf8mb4_general_ci;

--
-- Dump dei dati per la tabella `voti`
--

INSERT INTO `voti` (`id`, `matricola`, `data`, `materia`, `voto`, `docente`) VALUES
(1, 1001, '2023-02-11', 1, 6.5, 1000),
(2, 1001, '2023-02-25', 2, 6, 1000),
(3, 1001, '2023-02-15', 3, 7, 1000),
(4, 1001, '2023-02-25', 4, 7, 1000),
(5, 1001, '2023-02-05', 5, 6, 1000),
(6, 1001, '2023-02-18', 6, 6.5, 1000),
(7, 1001, '2023-02-10', 11, 5.5, 1000),
(8, 1001, '2023-02-25', 12, 4, 1000),
(9, 1001, '2023-02-07', 13, 5.5, 1000),
(10, 1001, '2023-02-25', 14, 6, 1000),
(11, 1001, '2023-03-11', 1, 5.5, 1000),
(12, 1001, '2023-03-25', 2, 8, 1000),
(13, 1001, '2023-03-15', 3, 8.5, 1000),
(14, 1001, '2023-03-25', 4, 7, 1000),
(15, 1001, '2023-03-25', 5, 5.5, 1000),
(16, 1001, '2023-03-18', 6, 4.5, 1000),
(17, 1001, '2023-03-13', 11, 6, 1000),
(18, 1001, '2023-03-25', 12, 9, 1000),
(19, 1001, '2023-03-07', 13, 6, 1000),
(20, 1001, '2023-03-25', 14, 7, 1000),
(21, 1001, '2023-04-11', 1, 5.5, 1000),
(22, 1001, '2023-04-25', 2, 8, 1000),
(23, 1001, '2023-04-15', 3, 8.5, 1000),
(24, 1001, '2023-04-25', 4, 9.5, 1000),
(25, 1001, '2023-04-14', 5, 5.5, 1000),
(26, 1001, '2023-04-18', 6, 7.5, 1000),
(27, 1001, '2023-04-25', 11, 6, 1000),
(28, 1001, '2023-04-12', 12, 8, 1000),
(29, 1001, '2023-04-07', 13, 4, 1000),
(30, 1001, '2023-04-25', 14, 6.5, 1000),
(31, 1002, '2023-02-06', 1, 5.5, 1000),
(32, 1002, '2023-02-23', 2, 7, 1000),
(33, 1002, '2023-02-12', 3, 7, 1000),
(34, 1002, '2023-02-25', 4, 6, 1000),
(35, 1002, '2023-02-05', 5, 5.5, 1000),
(36, 1002, '2023-02-18', 6, 8, 1000),
(37, 1002, '2023-02-10', 11, 7, 1000),
(38, 1002, '2023-02-24', 12, 5, 1000),
(39, 1002, '2023-02-07', 13, 6, 1000),
(40, 1002, '2023-02-25', 14, 6.5, 1000),
(41, 1002, '2023-03-11', 1, 8, 1000),
(42, 1002, '2023-03-25', 2, 4, 1000),
(43, 1002, '2023-03-15', 3, 4.5, 1000),
(44, 1002, '2023-03-25', 4, 5, 1000),
(45, 1002, '2023-03-07', 5, 6, 1000),
(46, 1002, '2023-03-18', 6, 6.5, 1000),
(47, 1002, '2023-03-13', 11, 7, 1000),
(48, 1002, '2023-03-25', 12, 7.5, 1000),
(49, 1002, '2023-03-09', 13, 8, 1000),
(50, 1002, '2023-03-25', 14, 8.5, 1000),
(51, 1002, '2023-04-11', 1, 9, 1000),
(52, 1002, '2023-04-25', 2, 6, 1000),
(53, 1002, '2023-04-15', 3, 6.5, 1000),
(54, 1002, '2023-04-25', 4, 7, 1000),
(55, 1002, '2023-04-16', 5, 6, 1000),
(56, 1002, '2023-04-18', 6, 4.5, 1000),
(57, 1002, '2023-04-25', 11, 6, 1000),
(58, 1002, '2023-04-30', 12, 8.5, 1000),
(59, 1002, '2023-04-07', 13, 6, 1000),
(60, 1002, '2023-04-25', 14, 7, 1000),
(61, 1003, '2023-02-10', 1, 7, 1000),
(62, 1003, '2023-02-25', 2, 4, 1000),
(63, 1003, '2023-02-15', 3, 5.5, 1000),
(64, 1003, '2023-02-21', 4, 7, 1000),
(65, 1003, '2023-02-05', 5, 7, 1000),
(66, 1003, '2023-02-18', 6, 8, 1000),
(67, 1003, '2023-02-10', 21, 4.5, 1000),
(68, 1003, '2023-02-25', 22, 7, 1000),
(69, 1003, '2023-02-07', 23, 6.5, 1000),
(70, 1003, '2023-02-25', 24, 4, 1000),
(71, 1003, '2023-03-11', 1, 4.5, 1000),
(72, 1003, '2023-03-25', 2, 8.5, 1000),
(73, 1003, '2023-03-15', 3, 10, 1000),
(74, 1003, '2023-03-25', 4, 9, 1000),
(75, 1003, '2023-03-05', 5, 6, 1000),
(76, 1003, '2023-03-18', 6, 6, 1000),
(77, 1003, '2023-03-10', 21, 6, 1000),
(78, 1003, '2023-03-25', 22, 5, 1000),
(79, 1003, '2023-03-07', 23, 7, 1000),
(80, 1003, '2023-03-25', 24, 6, 1000),
(81, 1003, '2023-04-11', 1, 6.5, 1000),
(82, 1003, '2023-04-25', 2, 8.5, 1000),
(83, 1003, '2023-04-15', 3, 6.5, 1000),
(84, 1003, '2023-04-14', 4, 5.5, 1000),
(85, 1003, '2023-04-05', 5, 6.5, 1000),
(86, 1003, '2023-04-18', 6, 7, 1000),
(87, 1003, '2023-04-16', 21, 7.5, 1000),
(88, 1003, '2023-04-25', 22, 6, 1000),
(89, 1003, '2023-04-07', 23, 6.5, 1000),
(90, 1003, '2023-04-25', 24, 7, 1000),
(91, 1004, '2023-02-11', 1, 5, 1000),
(92, 1004, '2023-02-25', 2, 8, 1000),
(93, 1004, '2023-02-15', 3, 7.5, 1000),
(94, 1004, '2023-02-25', 4, 7, 1000),
(95, 1004, '2023-02-05', 5, 6.5, 1000),
(96, 1004, '2023-02-18', 6, 6, 1000),
(97, 1004, '2023-02-10', 21, 6, 1000),
(98, 1004, '2023-02-25', 22, 8.5, 1000),
(99, 1004, '2023-02-07', 23, 7, 1000),
(100, 1004, '2023-02-10', 24, 7.5, 1000),
(101, 1004, '2023-03-11', 1, 6.5, 1000),
(102, 1004, '2023-03-12', 2, 7, 1000),
(103, 1004, '2023-03-15', 3, 6, 1000),
(104, 1004, '2023-03-25', 4, 6, 1000),
(105, 1004, '2023-03-15', 5, 5.5, 1000),
(106, 1004, '2023-03-18', 6, 8.5, 1000),
(107, 1004, '2023-03-10', 21, 7.5, 1000),
(108, 1004, '2023-03-25', 22, 6, 1000),
(109, 1004, '2023-03-07', 23, 6.5, 1000),
(110, 1004, '2023-03-25', 24, 5, 1000),
(111, 1004, '2023-04-11', 1, 7.5, 1000),
(112, 1004, '2023-04-25', 2, 7, 1000),
(113, 1004, '2023-04-15', 3, 6, 1000),
(114, 1004, '2023-04-25', 4, 5.5, 1000),
(115, 1004, '2023-04-05', 5, 5, 1000),
(116, 1004, '2023-04-18', 6, 7.5, 1000),
(117, 1004, '2023-04-10', 21, 8.5, 1000),
(118, 1004, '2023-04-26', 22, 7, 1000),
(119, 1004, '2023-04-07', 23, 6.5, 1000),
(120, 1004, '2023-04-25', 24, 6, 1000),
(121, 1005, '2023-02-11', 1, 5.5, 1000),
(122, 1005, '2023-02-25', 2, 7, 1000),
(123, 1005, '2023-02-15', 3, 6.5, 1000),
(124, 1005, '2023-02-25', 4, 7.5, 1000),
(125, 1005, '2023-02-05', 5, 6.5, 1000),
(126, 1005, '2023-02-18', 6, 6, 1000),
(127, 1005, '2023-02-10', 21, 6, 1000),
(128, 1005, '2023-02-25', 22, 7, 1000),
(129, 1005, '2023-02-07', 23, 7.5, 1000),
(130, 1005, '2023-02-25', 25, 5.5, 1000),
(131, 1005, '2023-03-11', 1, 7, 1000),
(132, 1005, '2023-03-25', 2, 8.5, 1000),
(133, 1005, '2023-03-15', 3, 7.5, 1000),
(134, 1005, '2023-03-25', 4, 6, 1000),
(135, 1005, '2023-03-05', 5, 6.5, 1000),
(136, 1005, '2023-03-18', 6, 7, 1000),
(137, 1005, '2023-03-10', 21, 5, 1000),
(138, 1005, '2023-03-25', 22, 6, 1000),
(139, 1005, '2023-03-07', 23, 6.5, 1000),
(140, 1005, '2023-03-25', 25, 7, 1000),
(141, 1005, '2023-04-11', 1, 6.5, 1000),
(142, 1005, '2023-04-25', 2, 6.5, 1000),
(143, 1005, '2023-04-15', 3, 5.5, 1000),
(144, 1005, '2023-04-25', 4, 8, 1000),
(145, 1005, '2023-04-05', 5, 7, 1000),
(146, 1005, '2023-04-22', 6, 7.5, 1000),
(147, 1005, '2023-04-10', 21, 6, 1000),
(148, 1005, '2023-04-25', 22, 8, 1000),
(149, 1005, '2023-04-07', 23, 9.5, 1000),
(150, 1005, '2023-04-25', 25, 7, 1000),
(152, 1025, '2023-05-22', 2, 8, 1000),
(159, 1082, '2023-05-22', 2, 4, 1000),
(160, 1006, '2023-05-22', 2, 9, 1000),
(163, 1001, '2023-05-23', 4, 1, 1000),
(164, 1001, '2023-05-23', 6, 5.5, 1000),
(165, 1025, '2023-05-23', 6, 5.5, 1000),
(166, 1081, '2023-05-23', 6, 7, 1000),
(167, 1001, '2023-05-24', 5, 6, 1026),
(168, 1022, '2023-05-24', 4, 4, 1023),
(169, 1081, '2023-05-24', 23, 9, 1023),
(170, 1022, '2023-05-24', 3, 9.5, 1023),
(171, 1081, '2023-05-24', 5, 6, 1023),
(172, 1022, '2023-05-26', 1, 4, 1026),
(173, 1022, '2023-05-26', 1, 5, 1026),
(174, 1022, '2023-05-26', 1, 4.5, 1026),
(175, 1012, '2023-05-26', 3, 3, 1078),
(176, 1022, '2023-05-27', 1, 7, 1026),
(177, 1022, '2023-05-27', 1, 7, 1026),
(178, 1022, '2023-05-27', 1, 6, 1026),
(179, 1084, '2023-05-27', 1, 7, 1026),
(180, 1084, '2023-05-27', 1, 5, 1026),
(181, 1084, '2023-05-27', 1, 9, 1026),
(182, 1007, '2023-05-27', 1, 6, 1026),
(183, 1084, '2023-05-27', 11, 7.5, 1026),
(184, 1081, '2023-05-27', 22, 6.5, 1023),
(185, 1081, '2023-05-27', 22, 9, 1023),
(186, 1081, '2023-05-27', 22, 4, 1023),
(187, 1084, '2023-05-28', 2, 6, 1026),
(188, 1006, '2023-05-28', 1, 8, 1026);

--
-- Indici per le tabelle scaricate
--

--
-- Indici per le tabelle `argomenti`
--
ALTER TABLE `argomenti`
  ADD PRIMARY KEY (`id`);

--
-- Indici per le tabelle `assenze`
--
ALTER TABLE `assenze`
  ADD PRIMARY KEY (`id`);

--
-- Indici per le tabelle `classi`
--
ALTER TABLE `classi`
  ADD PRIMARY KEY (`id`),
  ADD UNIQUE KEY `nomeClasseIndex` (`nome`);

--
-- Indici per le tabelle `colloqui`
--
ALTER TABLE `colloqui`
  ADD PRIMARY KEY (`id`);

--
-- Indici per le tabelle `materie`
--
ALTER TABLE `materie`
  ADD PRIMARY KEY (`id`);

--
-- Indici per le tabelle `messaggi`
--
ALTER TABLE `messaggi`
  ADD PRIMARY KEY (`id`);

--
-- Indici per le tabelle `studenti`
--
ALTER TABLE `studenti`
  ADD PRIMARY KEY (`matricola`);

--
-- Indici per le tabelle `voti`
--
ALTER TABLE `voti`
  ADD PRIMARY KEY (`id`);

--
-- AUTO_INCREMENT per le tabelle scaricate
--

--
-- AUTO_INCREMENT per la tabella `argomenti`
--
ALTER TABLE `argomenti`
  MODIFY `id` int(11) NOT NULL AUTO_INCREMENT, AUTO_INCREMENT=138;

--
-- AUTO_INCREMENT per la tabella `assenze`
--
ALTER TABLE `assenze`
  MODIFY `id` int(11) NOT NULL AUTO_INCREMENT, AUTO_INCREMENT=80;

--
-- AUTO_INCREMENT per la tabella `classi`
--
ALTER TABLE `classi`
  MODIFY `id` int(11) NOT NULL AUTO_INCREMENT, AUTO_INCREMENT=26;

--
-- AUTO_INCREMENT per la tabella `colloqui`
--
ALTER TABLE `colloqui`
  MODIFY `id` int(11) NOT NULL AUTO_INCREMENT, AUTO_INCREMENT=1030;

--
-- AUTO_INCREMENT per la tabella `materie`
--
ALTER TABLE `materie`
  MODIFY `id` int(11) NOT NULL AUTO_INCREMENT, AUTO_INCREMENT=26;

--
-- AUTO_INCREMENT per la tabella `messaggi`
--
ALTER TABLE `messaggi`
  MODIFY `id` int(11) NOT NULL AUTO_INCREMENT, AUTO_INCREMENT=89;

--
-- AUTO_INCREMENT per la tabella `studenti`
--
ALTER TABLE `studenti`
  MODIFY `matricola` int(11) NOT NULL AUTO_INCREMENT, AUTO_INCREMENT=1086;

--
-- AUTO_INCREMENT per la tabella `voti`
--
ALTER TABLE `voti`
  MODIFY `id` int(11) NOT NULL AUTO_INCREMENT, AUTO_INCREMENT=189;
COMMIT;

/*!40101 SET CHARACTER_SET_CLIENT=@OLD_CHARACTER_SET_CLIENT */;
/*!40101 SET CHARACTER_SET_RESULTS=@OLD_CHARACTER_SET_RESULTS */;
/*!40101 SET COLLATION_CONNECTION=@OLD_COLLATION_CONNECTION */;
